"","RIPID","min","max","avg","qav","std","ske","kur","p05","p10","p25","p50","p75","p90","int_p25","int_p50","int_p75","cov","dns","DBH","TotalHt","CrownHT","ba","ba.live","total.count","live.count","dbh.sq","crown.length","crown.mass","crown.mass.kg","mean.dbh.total","mean.dbh.live","mean.ht.total","mean.ht.live","max.ht.total","mean.crownht.total","mean.crownht.live","ba.ac.total","ba.ac.live","tpa.total","tpa.live","mean.crown.mass.lbs","mean.crown.mass.kg","qmd.total","qmd.live","crown.length.total","crown.length.live","crown.ratio.total","crown.ratio.live","B1.max","B2.max","B3.max","B4.max","B5.max","evi.max","mndwi.max","ndvi.max","ndwi.max","B1.mean","B2.mean","B3.mean","B4.mean","B5.mean","evi.mean","mndwi.mean","ndvi.mean","ndwi.mean","B1.min","B2.min","B3.min","B4.min","B5.min","evi.min","mndwi.min","ndvi.min","ndwi.min"
"1",2,1.37,26.87,15.7,278.17,5.62,-1.13,3.77,2.28,5.09,13.88,16.95,19.28,21.39,44,69,88,51.7,49.8,215.2,1078.3,549,17.58249612,17.58249612,15,15,3223.78,529.3,2029.22679117552,920.45123431712,14.3466666666667,14.3466666666667,71.8866666666667,71.8866666666667,94.3,36.6,36.6,70.32998448,70.32998448,60,60,135.281786078368,61.3634156211413,14.6601045926237,14.6601045926237,35.2866666666667,35.2866666666667,0.490865250857832,0.490865250857832,292.5,346.6666667,498.25,467.1666667,2053.916667,3.564103851,-0.440179929,0.758544798,-0.557458073,153.4558081,207.4166667,369.0656566,348.719697,1765.19697,1.700488661,-0.571486905,0.669438307,-0.652843739,14.83333333,80.41666667,204.8333333,211.3333333,1258.583333,1.327029715,-0.689355279,0.579103495,-0.755229548
"2",3,1.38,29.49,15.1,295.53,8.21,-0.41,1.85,1.79,2.31,6.96,17.01,21.77,24.56,38,62,77,33.8,34.7,134,630.94,286.9,13.22311392,13.22311392,8,8,2424.48,344.04,3927.84335113453,1781.65805639777,16.75,16.75,78.8675,78.8675,93.7,35.8625,35.8625,52.89245568,52.89245568,32,32,490.980418891817,222.707257049722,17.408618555187,17.408618555187,43.005,43.005,0.545281643262434,0.545281643262434,362.6363636,424.0909091,645.0909091,643.3636364,2516.636364,1.699213563,-0.482407862,0.714623847,-0.542148669,225.4632867,292.3991841,482.6538462,476.7284382,2081.66958,1.47725978,-0.554052575,0.630260522,-0.626490468,66,144.7272727,298.1818182,343.3636364,1700.818182,1.190536812,-0.65222583,0.529012667,-0.71141191
"3",4,1.37,27.18,11.13,173.25,7.02,0.17,1.69,2.06,2.48,3.84,11.46,16.77,21,30,50,67,62.9,54.1,280.5,1330.8,566,22.94514162,22.94514162,21,21,4207.03,764.8,6673.19982313992,3026.94358302636,13.3571428571429,13.3571428571429,63.3714285714286,63.3714285714286,88,26.952380952381,26.952380952381,91.78056648,91.78056648,84,84,317.77142014952,144.140170620303,14.1539662958749,14.1539662958749,36.4190476190476,36.4190476190476,0.574691914637812,0.574691914637812,659.5555556,706.7777778,841.4444444,829.1111111,2318.333333,1.932169201,-0.35333042,0.758699126,-0.46768166,223.5384615,281.8290598,441.9059829,443.0854701,1920.777778,1.521127225,-0.538138482,0.631649057,-0.632801228,34.44444444,87.44444444,266.2222222,261.7777778,1720.888889,1.259999322,-0.649015665,0.473639442,-0.752086514
"4",5,1.37,29.73,11.65,164.56,5.36,0.48,3.18,3.41,4.77,7.71,11.39,14.82,18.83,35,60,83,54.2,49.1,335.8,1730.2,924.3,20.93441544,18.75281544,34,33,3838.36,805.9,2253.40578517268,1022.138158928,9.87647058823529,10.1757575757576,50.8882352941176,52.430303030303,91.6,27.1852941176471,28.0090909090909,83.73766176,75.01126176,136,132,68.2850237931114,30.9738836038789,10.6251089959807,10.7848940372142,23.7029411764706,24.4212121212121,0.465784302392787,0.465784302392787,254.0833333,304.8333333,463.0833333,393.5,2214.833333,2.140861824,-0.452875532,0.807574848,-0.596671,128.0972222,173.3263889,351.2569444,286.7291667,1865.555556,1.747036258,-0.546350896,0.730957905,-0.682912235,20.83333333,65.58333333,249,219,1505.166667,1.440297921,-0.646472504,0.641819095,-0.760807306
"5",6,1.48,22.7,11.43,161.05,5.51,0.22,1.94,3.34,4.18,7.08,10.75,15.73,19.64,34,59,87,13.8,16,99.4,380.6,112,8.11162512,7.79660208,8,7,1487.28,268.6,1342.73456347,609.060402553751,12.425,14.2,47.575,54.3714285714286,74.3,14,16,32.44650048,31.18640832,32,28,191.819223352857,87.0086289362502,13.6348817376609,14.5763017061452,33.575,38.3714285714286,0.705727798213347,0.705727798213347,568.7,667.6,894,1134.5,2636.1,1.152697769,-0.531285489,0.498427305,-0.431343117,443.0272727,536.9272727,755.8636364,921.0727273,2237.709091,0.898082648,-0.56960122,0.419787684,-0.496997789,269.6,364.7,555.3,700.5,1806.3,0.64159088,-0.629673868,0.327466813,-0.554156291
"6",7,1.39,26.48,10.89,148.24,5.45,0.6,2.74,3.22,4.24,6.79,10.03,14.2,19.05,35,61,92,57.4,54.9,317.6,1334.1,500.5,25.35215544,24.43042944,29,28,4648.36,822.6,5098.16226969736,2312.51123546102,10.951724137931,11.3428571428571,46.0034482758621,47.6464285714286,89,17.2586206896552,17.875,101.40862176,97.72171776,116,112,182.077223917763,82.5896869807506,12.660500616566,12.8845976709736,28.7448275862069,29.7714285714286,0.624840716587962,0.624840716587962,614.7272727,653.1818182,808.2727273,746.1818182,2299.818182,2.104282653,-0.28520394,0.713942804,-0.479766453,229.4545455,291.0151515,465.6287879,456.5454545,1877.280303,1.522534719,-0.481310005,0.617505404,-0.609158603,90.36363636,163.2727273,323.3636364,349.2727273,1471,1.195202389,-0.590132242,0.500836345,-0.689392946
"7",8,1.46,24.94,13.18,196.05,4.72,-0.06,2.28,5.14,6.77,9.67,13.4,16.73,19.43,36,66,103,54.1,49,357.6,1669.3,857.7,22.48782372,22.24299366,35,34,4123.18,811.6,2270.89780452365,1030.07248685641,10.2171428571429,10.5176470588235,47.6942857142857,49.0970588235294,77.8,24.5057142857143,25.2264705882353,89.95129488,88.97197464,140,136,66.7911118977544,30.296249613424,10.8538077584386,11.0122658885445,23.1885714285714,23.8705882352941,0.486191816929252,0.486191816929252,335.4,386,581.4,501.5,2248.2,2.17313171,-0.358645052,0.78872484,-0.550738597,165.7545455,214.9909091,408.2272727,336.2363636,1829.354545,1.717775275,-0.471805075,0.689783794,-0.635315758,24.7,90.6,289.1,229.2,1357.9,1.338637849,-0.589791799,0.58772772,-0.707269168
"8",9,1.37,31.48,16.96,329.6,6.49,-0.41,2.36,4.82,7.1,12.37,17.96,21.92,24.86,19,41,61,68.6,62.4,681.8,4648.5,2619.8,41.6625606,38.82080844,67,64,7638.9,1946.2,4986.33175409537,2261.78524634644,10.1761194029851,10.653125,69.3805970149254,72.6328125,97.5,39.1014925373134,40.934375,166.6502424,155.28323376,268,256,77.9114336577402,35.3403944741632,10.6777072836738,10.9251001139578,30.2791044776119,31.6984375,0.436420350650748,0.436420350650748,295.5833333,331.25,513.8333333,470.25,1858,1.916746607,-0.259302569,0.777397767,-0.472626764,169.2743056,215.1458333,371.8611111,317.9328704,1549.388889,1.678735314,-0.454896547,0.650448233,-0.60181207,24.91666667,86,259.6666667,209.9166667,1197.583333,1.352051403,-0.594099621,0.509629243,-0.712247844
"9",10,1.37,30.22,17.12,318.1,4.99,-0.43,3.18,7.85,10.24,14.24,17.73,20.37,22.93,30,59,92,73.7,62.7,541,3101.4,1814,39.66486948,39.27981708,47,45,7272.62,1287.4,4076.24663037098,1848.97334227115,11.5106382978723,12.0222222222222,65.9872340425532,68.92,102.1,38.5957446808511,40.3111111111111,158.65947792,157.11926832,188,180,90.5832584526886,41.0882964949145,12.4393165304482,12.7127407657742,27.3914893617021,28.6088888888889,0.41510285677436,0.41510285677436,309.7272727,351.1818182,501.4545455,413.5454545,2010.909091,2.386490443,-0.260921986,0.856861857,-0.572129437,101.1060606,140.8848485,299.2636364,215.7010101,1653.861616,1.929619033,-0.445137593,0.769365722,-0.695168652,-4.454545455,37,209.3636364,134.2727273,1308.363636,1.614566009,-0.579245985,0.637737068,-0.781535479
"10",11,1.37,28.35,14.49,241.13,5.58,-0.36,2.41,4.28,6.21,10.55,15.32,18.75,21.05,33,66,98,67.4,60.1,484.9,2674.2,1341.3,33.45227262,33.11957862,44,41,6133.53,1289.9,4094.90315173453,1857.43588484738,11.0204545454545,11.8268292682927,60.7772727272727,65.2243902439024,88.5,30.4840909090909,32.7146341463415,133.80909048,132.47831448,176,164,99.8756866276714,45.3033142645702,11.8067103416197,12.2310380868889,30.2931818181818,32.509756097561,0.498429436840924,0.498429436840924,312.0909091,371,586.5454545,512.3636364,2427.545455,1.970570071,-0.416394613,0.816251896,-0.584261071,160.8531469,211.6923077,400.5734266,341.4825175,1971.916084,1.694166388,-0.515288104,0.708313725,-0.666138784,9.818181818,53.36363636,233,173,1555.363636,1.363901359,-0.626814989,0.598751431,-0.759769147
"11",12,1.37,28.46,14.18,225.79,4.98,-0.04,3.08,5.16,7.59,11.14,14.36,17.2,20.32,37,76,108,80.6,69.4,640.5,3593.9,2201.1,40.71580074,38.7994833,67,64,7465.31,1376.8,4560.58593191295,2068.66820825227,9.55970149253731,10.0078125,53.6402985074627,56.1546875,99.6,32.8522388059701,34.3921875,162.86320296,155.1979332,268,256,71.2591551861399,32.3229407539417,10.5556874391691,10.8002531799028,20.7880597014925,21.7625,0.387545563315618,0.387545563315618,239.8333333,292.1666667,442.0833333,365.75,2071.833333,2.200299401,-0.28943643,0.82447881,-0.556787312,121.5347222,169.6111111,324.0555556,261.7708333,1655.9375,1.822483659,-0.443094142,0.726515189,-0.673314542,-2.083333333,56.33333333,211.1666667,174.8333333,1282.666667,1.453785928,-0.576714506,0.603362833,-0.767577474
"12",15,1.37,34.55,21.34,493.23,6.14,-1.02,3.76,8.4,11.97,18.48,22.64,25.69,27.94,24,52,76,53.2,48.9,449.5,2938,1826,30.79977426,30.6465714,40,39,5647.19,1112,4428.94956443383,2008.95834366045,11.2375,11.525641025641,73.45,75.3333333333333,111,45.65,46.8205128205128,123.19909704,122.5862856,160,156,113.562809344457,51.5117524015501,11.8819085167325,12.0332765109817,27.8,28.5128205128205,0.378488767869299,0.378488767869299,261.2727273,326.8181818,478.3636364,436.1818182,2158.727273,1.96722015,-0.41995178,0.736893681,-0.565391286,184.1212121,234.2424242,405.7575758,362.7676768,1869.292929,1.690351045,-0.529381012,0.676593818,-0.643721033,68.72727273,140.4545455,306.6363636,275.2727273,1559.363636,1.347788974,-0.633130518,0.5968513,-0.696414649
"13",16,1.37,27.13,12.02,190.84,6.81,-0.21,1.78,1.89,2.29,4.15,13.73,17.22,20.07,35,61,83,48.9,47.4,185.5,927,462,14.75803314,14.3731989,14,13,2705.91,430,4164.10287593528,1888.82467383438,13.25,14.2692307692308,66.2142857142857,71.3076923076923,90,33,35.5384615384615,59.03213256,57.4927956,56,52,320.315605841175,145.294205679568,13.9024920684849,14.4272978439111,33.2142857142857,35.7692307692308,0.501618122977346,0.501618122977346,359.6666667,429.5,582.5833333,608.3333333,2091.75,1.484756284,-0.494298021,0.600966722,-0.510137215,275.6759259,341.8148148,521.537037,546.7685185,1898.240741,1.308917208,-0.557027981,0.553843876,-0.569584414,153.75,241.4166667,439.1666667,464.3333333,1678.166667,1.118437891,-0.618469417,0.486729066,-0.616391515
"14",17,1.38,23.67,11.26,144.33,4.19,0.01,2.56,4.2,5.65,8.17,11.37,14.23,16.42,18,55,105,72.8,61,975.8,4954.1,2729.45,56.36687184,39.04840386,108,93,10334.96,1684.35,3501.56885108,1588.30121159394,9.03518518518518,10.4924731182796,45.8712962962963,53.2698924731183,80.4,25.2726851851852,29.3489247311828,225.46748736,156.19361544,432,372,37.6512779686022,17.0785076515477,9.78233479666659,10.541755174094,20.5986111111111,23.9209677419355,0.449052300115056,0.449052300115056,284.3636364,329.4545455,526.1818182,457.7272727,2013,2.037597449,-0.389765409,0.777879281,-0.583894399,157.7636364,209.1818182,390.5090909,337.4181818,1833.981818,1.655684191,-0.480227771,0.690163504,-0.650403234,30.36363636,86.36363636,281.8181818,240.1818182,1566.818182,1.421704791,-0.572432003,0.625201231,-0.744379954
"15",18,1.38,22.71,13.02,187.08,4.18,-0.46,2.61,5.34,7.02,10.19,13.66,16.18,18.05,30,65,98,68.6,58.7,718.4,4124,2393,39.15055728,35.28852534,80,73,7178.32,1559,4037.89121098015,1831.57543816572,8.98,9.84109589041096,51.55,56.4931506849315,72,29.9125,32.7808219178082,156.60222912,141.15410136,320,292,55.3135782326048,25.0900744954209,9.47253925829817,9.91630731093644,21.6375,23.7123287671233,0.419738118331717,0.419738118331717,255.4615385,307.0769231,455.2307692,397.7692308,1994.615385,2.068917051,-0.365776777,0.76391867,-0.582846499,139.8269231,189.2795858,353.724359,309.8885602,1729.172584,1.667472516,-0.490206496,0.696644792,-0.661551219,24.15384615,82.38461538,249.0769231,234.8461538,1382.538462,1.379240372,-0.608587494,0.624780306,-0.746387775
"16",19,1.38,18.47,9.17,99.32,3.91,0.18,2.23,3.06,4.03,6.17,8.91,11.93,14.79,36,72,99,30.7,31.7,200,648,187,16.19707104,10.15333002,17,15,2969.76,417,1335.03190275,605.566498571169,11.7647058823529,13.3333333333333,38.1176470588235,43.2,61,11,12.4666666666667,64.78828416,40.61332008,68,60,89.00212685,40.3710999047446,13.2171012217461,14.0706787327406,27.1176470588235,30.7333333333333,0.71141975308642,0.71141975308642,409,500.3333333,644.9166667,707.0833333,2310.833333,1.800112354,-0.415772835,0.645528659,-0.473357784,253.1858974,321.7628205,488.1538462,528.224359,1721.980769,1.235901535,-0.512046389,0.535248727,-0.562080458,89.33333333,154.6666667,301.5,357.5833333,1305.333333,0.90202004,-0.59833159,0.435665632,-0.649241835
"17",20,1.37,26.29,16.44,291.5,4.6,-0.8,3.42,7.32,9.79,13.83,17.25,19.82,21.63,24,54,87,63.5,54.4,626.7,3753,2445.1,40.48716906,39.47463396,60,56,7423.39,1261.6,3100.59315322705,1406.41982818972,10.445,11.1910714285714,62.55,67.0178571428571,88.2,40.7516666666667,43.6625,161.94867624,157.89853584,240,224,55.3677348790545,25.1146397891021,11.1230915966141,11.5134936363506,21.7983333333333,23.3553571428571,0.348494537703171,0.348494537703171,208.3,250.7,393.1,307.4,1946.9,4.020012269,-0.240095863,0.881219369,-0.579981947,106.5,140.67,281,199.59,1498.95,2.158704212,-0.472769141,0.764524001,-0.68314687,-11.1,31.9,114,59.5,862.7,1.59154969,-0.620922458,0.643557316,-0.774698269
"18",21,1.37,21.53,12.25,164.21,3.78,-0.3,2.92,5.23,7.2,9.94,12.42,14.83,16.94,28,55,87,62.7,52.3,670.9,3754,2360.3,35.05433058,32.97172068,79,74,6427.27,1338.6,4028.92434574494,1827.5080947768,8.49240506329114,9.06621621621622,47.5189873417722,50.7297297297297,72.1,29.8772151898734,31.8959459459459,140.21732232,131.88688272,316,296,54.4449235911478,24.6960553348217,9.01985854108954,9.31960299583625,17.6417721518987,18.8337837837838,0.371257325519446,0.371257325519446,222.8333333,268.3333333,414.9166667,343.3333333,1860.416667,3.013150684,-0.311000826,0.808991328,-0.563449189,125.2372685,168.53125,328.6423611,255.78125,1552.194444,1.900201738,-0.487627531,0.716102471,-0.649494812,-0.083333333,59.16666667,221.4166667,161.9166667,1082.416667,1.474659371,-0.606929094,0.631477719,-0.727539117
"19",22,1.37,27,9.74,135.56,6.37,0.46,2.08,1.86,2.3,3.68,9.02,15,18.79,46,76,103,49.6,46.8,273.6,1519.2,863.6,17.37284436,17.21380572,27,26,3185.34,655.6,1591.77376919667,722.023845231185,10.1333333333333,10.5230769230769,56.2666666666667,58.4307692307692,86.1,31.9851851851852,33.2153846153846,69.49137744,68.85522288,108,104,61.2220680460258,27.7701478935071,10.8616552861687,11.0685625499916,24.2814814814815,25.2153846153846,0.431542917324908,0.431542917324908,215.1,259.8,426.9,332.4,2195.9,2.151203484,-0.379652783,0.81681366,-0.6081716,128.2444444,171.5,357.4888889,263.3222222,1852.555556,1.873167753,-0.478227568,0.748226941,-0.675200504,6.1,74,269.7,201.9,1495.8,1.539358603,-0.598873818,0.66686402,-0.731743157
"20",23,1.37,31.38,21.79,503.38,5.36,-1.47,5.49,10.9,14.45,19.93,22.98,25.37,27.14,20,41,59,60.1,51.5,444,3108.8,1688.4,33.75218808,33.75218808,35,35,6188.52,1420.4,4373.72049127264,1983.90660041397,12.6857142857143,12.6857142857143,88.8228571428571,88.8228571428571,102.5,48.24,48.24,135.00875232,135.00875232,140,140,124.96344260779,56.6830457261135,13.2971747804884,13.2971747804884,40.5828571428571,40.5828571428571,0.456896551724138,0.456896551724138,255.3636364,313.9090909,478,412.2727273,2403.363636,1.977799409,-0.503623074,0.80086876,-0.588857196,165.1010101,212.9494949,413.0909091,337.4040404,2072.010101,1.745353848,-0.562288956,0.71675739,-0.665760739,33.09090909,99.90909091,327.7272727,261.7272727,1685.090909,1.434962208,-0.650122252,0.619637056,-0.724283446
"21",24,1.37,35.79,16.27,331.8,8.2,-0.23,1.89,3.03,4.25,8.19,18.11,22.85,26.04,30,55,76,55.7,52.6,291.6,1589.4,679,24.36869016,23.58331416,23,22,4468.04,910.4,7006.70989699274,3178.2227601346,12.6782608695652,13.2545454545455,69.104347826087,72.2454545454545,108,29.5217391304348,30.8636363636364,97.47476064,94.33325664,92,88,318.48681349967,144.464670915209,13.9378121918633,14.2510605665939,39.5826086956522,41.3818181818182,0.572794765320247,0.572794765320247,269,324.7,484.9,422.4,2223.9,1.925282602,-0.390791211,0.750331718,-0.57664324,182.6333333,234.9,413.7444444,358.7,1920.055556,1.709108379,-0.48503933,0.683680689,-0.644744986,65.4,141.6,331.3,298.6,1619.3,1.416078578,-0.575511736,0.604955578,-0.699453372
"22",25,1.37,27.89,10.06,148.75,6.89,0.59,2.08,2.18,2.67,3.88,8.05,15.67,20.58,35,58,77,60.9,55.5,220.5,1089.3,508,22.85024202,22.85024202,12,12,4189.63,581.3,6818.6964741902,3092.94043100345,18.375,18.375,90.775,90.775,100.9,42.3333333333333,42.3333333333333,91.40096808,91.40096808,48,48,568.224706182517,257.745035916954,18.6851768344143,18.6851768344143,48.4416666666667,48.4416666666667,0.533645460387405,0.533645460387405,324.9166667,379.0833333,565.25,528.8333333,2214.25,1.795838027,-0.4042283,0.715258236,-0.542095015,215.975,270.5166667,454.5583333,414.625,1933.108333,1.602974411,-0.505834619,0.646203925,-0.619348278,82.75,161.5833333,355.5833333,337.8333333,1630.333333,1.325270324,-0.591502756,0.560732404,-0.677661364
"23",26,1.38,19.54,9.13,98.76,3.93,0.06,2.26,2.69,3.84,6.1,9.17,12.15,14.27,36,61,88,29.2,30,131.8,500.8,144,10.4564088,10.4564088,10,10,1917.2,356.8,2154.98233734876,977.493575863542,13.18,13.18,50.08,50.08,70,14.4,14.4,41.8256352,41.8256352,40,40,215.498233734876,97.7493575863542,13.8462991445368,13.8462991445368,35.68,35.68,0.712460063897764,0.712460063897764,408.3636364,472.7272727,676.9090909,754.0909091,2550.636364,1.628753926,-0.491100566,0.639727723,-0.515171596,303.0909091,376.9020979,580.2657343,635.5384615,2165.552448,1.237743044,-0.546311026,0.548697236,-0.578601794,160.6363636,235,423.5454545,481,1846.636364,0.948384907,-0.63069537,0.467736017,-0.650758586
"24",27,1.37,22.68,12.22,170.89,4.64,-0.23,2.23,4.16,5.31,8.7,12.73,15.75,18.13,23,49,87,53.9,48.9,500.2,2092,791.8,37.83690684,33.35344614,43,37,6937.46,1098.5,7190.42056669428,3261.55337326239,11.6325581395349,13.5189189189189,48.6511627906977,56.5405405405405,88.7,18.4139534883721,21.4,151.34762736,133.41378456,172,148,194.335690991737,88.1500911692539,12.7018218799418,13.6930244620726,30.2372093023256,35.1405405405405,0.62151051625239,0.62151051625239,358.3333333,413.75,573.6666667,613.3333333,2131.083333,1.706326861,-0.438812782,0.685644165,-0.508297799,205.4487179,261.8589744,423.3012821,437.0769231,1665.717949,1.344637343,-0.525869936,0.590532069,-0.600025997,20.75,66.91666667,193.3333333,204.5833333,1034.583333,1.005735391,-0.62598218,0.477647702,-0.697445318
"25",28,1.37,23.22,12.22,173.45,4.92,-0.5,2.37,2.61,4.19,8.89,13.04,16.08,17.97,28,52,87,55.5,51.5,378.7,2442,1404.3,20.7440163,20.7440163,44,44,3803.45,1037.7,3005.22113155177,1363.15936294646,8.60681818181818,8.60681818181818,55.5,55.5,76,31.9159090909091,31.9159090909091,82.9760652,82.9760652,176,176,68.3004802625401,30.9808946124195,9.2974214411602,9.2974214411602,23.5840909090909,23.5840909090909,0.424938574938575,0.424938574938575,240,281.8181818,426.5454545,355.9090909,2063.454545,2.124866263,-0.389219032,0.798166931,-0.59208288,137.5050505,178.6464646,351.2424242,272.5555556,1741.929293,1.825934077,-0.491925543,0.726831485,-0.663342633,24.18181818,87.09090909,267,219.8181818,1389,1.507501005,-0.595664718,0.647107043,-0.718163756
"26",29,1.37,26.65,15.08,246.69,4.39,-0.34,2.97,7.52,9.37,12.24,15.36,18.18,20.49,26,52,87,66.1,55.1,513,2897.6,1705.2,32.304042,32.09439024,50,49,5923,1159.4,3528.08081157973,1600.32695798772,10.26,10.469387755102,57.952,59.134693877551,86.6,34.104,34.8,129.216168,128.37756096,200,196,72.0016492159129,32.6597338364841,10.8839331126206,10.9944327284498,23.848,24.334693877551,0.411512976256212,0.411512976256212,234.1,273.9,419.7,348.8,2033.7,2.136144724,-0.377266353,0.807866281,-0.590366119,135.1333333,177.0888889,352.3222222,267.4111111,1765.088889,1.855443131,-0.479669079,0.734885007,-0.666169196,17.9,78.7,275.2,209.9,1470.6,1.542828567,-0.585197794,0.651491189,-0.724165803
"27",30,1.37,23.54,12.91,190.35,4.87,-0.26,2.19,4.48,6.1,9.07,13.42,16.85,19.11,35,63,98,52.6,48,421.7,2120.8,1079.9,25.9629489,25.1107614,42,41,4760.35,1040.9,3296.41329837819,1495.24326334854,10.0404761904762,10.2853658536585,50.4952380952381,51.7268292682927,78.6,25.7119047619048,26.3390243902439,103.8517956,100.4430456,168,164,80.4003243506876,36.4693478865497,10.6462043314351,10.7752539441526,24.7833333333333,25.3878048780488,0.490805356469257,0.490805356469257,262.2727273,311.9090909,495.7272727,434.5454545,2167.454545,2.119959803,-0.389978726,0.763110323,-0.574712157,171.0606061,219.8989899,403.1111111,338.7575758,1831.494949,1.7320526,-0.497099736,0.690981892,-0.640609487,59.54545455,120.3636364,295.1818182,255.4545455,1459.181818,1.376921429,-0.604738246,0.61467116,-0.693763018
"28",31,1.37,27.77,15.8,280.63,5.57,-0.91,3.29,2.86,7.03,12.94,16.98,19.82,21.76,29,57,88,58.8,54.1,336.6,1770.1,771.8,26.97733836,26.97733836,25,25,4946.34,998.3,3994.29350428869,1811.79964813966,13.464,13.464,70.804,70.804,100.5,30.872,30.872,107.90935344,107.90935344,100,100,159.771740171548,72.4719859255863,14.0660442200357,14.0660442200357,39.932,39.932,0.563979436190046,0.563979436190046,283.9090909,334.3636364,526.0909091,474.6363636,2507.272727,2.011672733,-0.433430861,0.793408909,-0.574456979,188.0606061,240.6767677,434.969697,376.8383838,2067.626263,1.708483103,-0.509880174,0.6931311,-0.652354045,62.27272727,132.8181818,341.0909091,274.1818182,1659.454545,1.368715208,-0.602997476,0.601984593,-0.7203401
"29",32,1.38,20.23,9.12,98.98,3.99,0.31,2.34,3.07,4.06,6.15,8.51,11.95,14.91,27,49,68,24.1,25.5,166.2,908.4,395.4,6.25759236,6.25759236,25,25,1147.34,513,754.307551152492,342.151660687876,6.648,6.648,36.336,36.336,61.6,15.816,15.816,25.03036944,25.03036944,100,100,30.1723020460997,13.686066427515,6.77448152997704,6.77448152997704,20.52,20.52,0.564729194187583,0.564729194187583,294.6666667,365.5,571.4166667,619.6666667,2840.083333,2.090863475,-0.440839355,0.791908756,-0.550571943,209.9444444,273.2037037,482.5092593,448.8703704,2227.361111,1.612982114,-0.5421968,0.663424015,-0.639306938,92,172.3333333,397.75,298.25,1625.583333,1.082953887,-0.63346235,0.533698472,-0.724148487
"30",33,1.38,24.46,12.21,174.51,5.04,-0.16,2.17,3.71,4.84,8.39,12.64,15.99,18.71,27,55,76,50.6,48,354.8,1842.4,679.7,22.00612644,20.1045348,37,31,4034.86,869.7,4702.74960739349,2133.15322842851,9.58918918918919,11.4451612903226,49.7945945945946,59.4322580645161,78.8,18.3702702702703,21.9258064516129,88.02450576,80.4181392,148,124,151.7016002385,68.8113944654358,10.4427137407031,11.4086271826872,31.4243243243243,37.5064516129032,0.631079027355623,0.631079027355623,299.3333333,355.4166667,532.3333333,501.8333333,2443.666667,1.839267283,-0.447943812,0.732940207,-0.594933018,193.5833333,252.0128205,440.9615385,424.5705128,2132,1.543953743,-0.515784939,0.667524204,-0.657744164,63.33333333,128.25,319.25,326.75,1860.333333,1.308543114,-0.621372466,0.600430583,-0.729042674
"31",34,1.37,27.38,12.47,196.14,6.38,0.27,2.03,3.18,4.26,7.22,11.7,17.56,21.66,39,83,110,60.8,54.2,256,898.6,341.5,28.24113924,26.96441238,18,17,5178.06,546.5,3867.20889974685,1754.15444967198,14.2222222222222,15.0588235294118,49.9222222222222,52.8588235294118,89.3,18.9722222222222,20.0882352941176,112.96455696,107.85764952,72,68,227.482876455697,103.185555863058,16.9608372434854,17.4525575405407,30.95,32.7705882352941,0.619964389049633,0.619964389049633,286.5,332.4,516.2,464.1,2082.1,1.722107182,-0.461070392,0.705650061,-0.558405143,191.9545455,247.3363636,427.0636364,402.2090909,1809.245455,1.514650818,-0.536286092,0.639963853,-0.620977247,59.5,134.4,309.5,320.4,1523.8,1.284922761,-0.637528175,0.571303356,-0.704891407
"32",35,1.38,30.21,19.05,384.29,4.61,-0.63,3.47,10.88,13.02,16.34,19.56,22.42,24.51,29,70,105,41,39.9,183.9,987.1,503.4,16.0868457,15.8195997,14,13,2949.55,452.7,1700.99391944645,771.56578038939,13.1357142857143,14.1461538461538,70.5071428571429,75.9307692307692,88.6,35.9571428571429,38.7230769230769,64.3473828,63.2783988,56,52,130.845686111265,59.3512138761069,14.5148938286555,15.0628171846591,34.55,37.2076923076923,0.49002127444028,0.49002127444028,384.3333333,445.75,658.9166667,755.3333333,2278.25,1.492620068,-0.513161217,0.612488762,-0.540283663,285.6742424,350.6287879,546.25,622.4242424,2027.159091,1.18909752,-0.562982986,0.540315653,-0.579418768,169,237.5833333,420.1666667,450.5833333,1714.75,0.969852341,-0.638123184,0.495679289,-0.648235957
"33",36,1.37,27.26,16.89,302.25,4.11,-0.9,5.31,10.59,12.39,14.67,17.07,19.61,21.76,32,60,92,47.5,43.9,333.2,1772.16,921.6,23.4232938,21.70533834,28,25,4294.7,801.56,2838.89831147598,1287.71582666968,11.9,13.328,63.2914285714286,70.8864,90,32.9142857142857,36.864,93.6931752,86.82135336,112,100,113.555932459039,51.5086330667873,12.3847544528401,13.1067921323259,30.3771428571429,34.0224,0.479956663055255,0.479956663055255,308.9,360.9,569.9,525.1,2797.8,1.858044019,-0.491084835,0.772008604,-0.584836698,214.3125,271.1,495.3625,442.1875,2329.8625,1.606692808,-0.539136153,0.676493067,-0.646551377,97.3,168.6,414.3,345.1,1878.8,1.288609708,-0.594428408,0.591181916,-0.704842305
"34",37,1.37,28.88,16.07,287.3,5.38,-0.55,3.21,4.95,8.85,13.13,16.67,19.7,22.48,30,57,87,35.1,35.5,262.9,1335.6,617.2,21.87986634,21.87986634,19,19,4011.71,718.4,6246.58831405836,2833.43387193067,13.8368421052632,13.8368421052632,70.2947368421053,70.2947368421053,96,32.4842105263158,32.4842105263158,87.51946536,87.51946536,76,76,328.767806003072,149.128098522667,14.5307477983395,14.5307477983395,37.8105263157895,37.8105263157895,0.537885594489368,0.537885594489368,352.5,423.5833333,639.6666667,714.5833333,2170.583333,1.428203639,-0.499776642,0.595098707,-0.528419649,222.2333333,286.5,450.9,512.7166667,1698.733333,1.15475513,-0.578179181,0.538252878,-0.582061584,90.16666667,171.3333333,353.3333333,393.8333333,1468.25,0.895651153,-0.64624389,0.470539841,-0.633216317
"35",38,1.37,26.09,14.72,250.48,5.81,-0.4,2.22,4.03,6.29,10.31,15.7,19.36,21.74,31,63,98,57.3,54.2,364.7,1624.8,567.9,34.05112182,34.05112182,28,24,6243.33,1056.9,6139.0021012727,2784.63308594425,13.025,15.1958333333333,58.0285714285714,67.7,84.8,20.2821428571429,23.6625,136.20448728,136.20448728,112,96,255.791754219696,116.02637858101,14.9323833137437,16.1288173776009,37.7464285714286,44.0375,0.650480059084195,0.650480059084195,318.25,365.8333333,506.25,441.8333333,2201.166667,2.095270745,-0.386167124,0.732003813,-0.561231767,203.25,249.7916667,424.475,371.9583333,1925.041667,1.730813872,-0.488221981,0.675458163,-0.638969928,86.83333333,136.9166667,312.0833333,296.6666667,1619.5,1.465520486,-0.583633428,0.589316522,-0.714237774
"36",39,1.37,30.71,17.14,315.7,4.69,-0.55,3.88,9.22,11.36,14.29,17.75,20.34,22.26,34,63,92,33.6,33.6,171.5,761,333,17.33493906,16.5755241,10,9,3178.39,356,2533.36768535214,1149.12804379576,17.15,19.0555555555556,76.1,84.5555555555556,94,33.3,37,69.33975624,66.3020964,40,36,281.485298372459,127.680893755085,17.8280397127671,18.7924039027593,42.8,47.5555555555556,0.562417871222076,0.562417871222076,260.3,303.5,462.9,397,2289,2.131160744,-0.434107855,0.814681703,-0.583628452,141.0454545,186.6272727,364.1090909,295.2545455,1863.090909,1.758247181,-0.526604843,0.72298587,-0.672801924,3.1,65.8,221.6,213.4,1519,1.438882787,-0.641463655,0.613761437,-0.755502534
"37",40,1.37,31.5,16.48,332.56,7.81,-0.66,2.43,1.74,2.22,12.88,18.37,22.15,24.87,29,55,81,33.1,34.3,105.3,439,182,12.11982426,12.11982426,5,5,2222.19,257,3198.86608862212,1450.99613926432,21.06,21.06,87.8,87.8,98,36.4,36.4,48.47929704,48.47929704,20,20,639.773217724423,290.199227852864,21.0816982238149,21.0816982238149,51.4,51.4,0.585421412300683,0.585421412300683,410.5454545,470.9090909,677.7272727,720.0909091,2470.272727,1.418756495,-0.522835314,0.588417644,-0.535138526,321.6446281,394.2644628,603.5702479,662.2644628,2229.22314,1.215742827,-0.566108752,0.541510083,-0.574162532,210.6363636,295,489.4545455,598.7272727,2008,1.029291113,-0.634818879,0.495699075,-0.630301465
"38",41,1.37,26.21,13.18,195.38,4.66,0.12,2.56,5.55,7.59,9.76,12.86,16.62,19.62,31,54,87,23.9,25.2,166.8,656.1,264.8,15.82947144,15.82947144,10,10,2902.36,391.3,4588.94009123279,2081.52957054921,16.68,16.68,65.61,65.61,82.3,26.48,26.48,63.31788576,63.31788576,40,40,458.894009123279,208.152957054921,17.0363141553565,17.0363141553565,39.13,39.13,0.596402987349489,0.596402987349489,401.4,476.1,698.9,815.6,2691.8,1.414684644,-0.527163082,0.609915012,-0.556165862,318.2272727,398.8363636,633.3545455,696.7454545,2462.909091,1.220330153,-0.562518454,0.558780515,-0.590415794,213.9,318.7,576.9,626.9,2206.9,1.032269727,-0.599641144,0.505536446,-0.625492477
"39",42,1.5,23.5,12.15,175.25,5.25,0.05,1.96,4.06,5.24,7.73,12.03,16.61,19.36,14,40,70,15,16.6,109.3,538.6,103.2,7.7902209,4.34471094,9,5,1428.35,199.2,1230.49595343921,558.149303020597,12.1444444444444,21.86,59.8444444444444,107.72,83.8,11.4666666666667,20.64,31.1608836,17.37884376,36,20,246.099190687842,111.629860604119,12.5978393209135,16.9017750547095,48.3777777777778,87.08,0.808392127738581,0.808392127738581,369.4545455,434.7272727,659.8181818,701.7272727,2395.636364,1.446764951,-0.528219193,0.618652154,-0.538943247,275.4607438,353.9393939,569.2548209,614.1246556,2148.623278,1.219062699,-0.575890194,0.554310073,-0.580379952,149.4545455,249,474.8181818,541.3636364,1848.545455,1.00384383,-0.6486263,0.500335501,-0.651939831
"40",43,1.38,26.98,13.04,206.77,6.06,0.04,2.2,2.84,4.59,8.52,13.03,17.59,21.24,21,44,68,37.1,36.3,86.7,488.4,124,6.59612214,5.61200238,8,4,1209.41,149,1535.98548483531,696.718445448295,10.8375,21.675,61.05,122.1,85,15.5,31,26.38448856,22.44800952,32,16,383.996371208828,174.179611362074,12.2953751467778,17.3882862870382,45.55,91.1,0.746109746109746,0.746109746109746,367.6,427,641.8,668,2259.9,1.465825888,-0.495302579,0.636723995,-0.528390217,261.775,335.0063636,541.2906061,558.2416667,2010.80803,1.301947895,-0.546614438,0.568462747,-0.57776013,110.6,201.5,418.1,463.4,1739.4,1.122632217,-0.628361553,0.513360476,-0.654669726
"41",44,1.37,25.39,12.95,221.04,7.31,-0.23,1.6,2.12,2.63,4.61,15.67,18.83,21.69,8,15,29,1.7,1.8,22.2,156,0,1.344411,0,2,0,246.5,0,0,0,11.1,Inf,78,Inf,85,0,NA,5.377644,0,8,0,NA,NA,11.1018016555873,Inf,78,NA,1,NA,635.3636364,719.2727273,993,1073.545455,2681.272727,1.392270052,-0.468413635,0.513493356,-0.446742741,461.7209596,548.5568182,816.4494949,870.2853535,2471.328283,1.142056781,-0.511466183,0.481858476,-0.505199779,340.5454545,431.4545455,702.5454545,745.4545455,2194.545455,0.990968425,-0.538037035,0.418294728,-0.541934198
"42",45,1.37,25.39,11.54,158.99,5.07,0.1,2.53,2.83,4.38,8.06,11.62,15.06,18.02,22,49,88,48.3,45.3,367.1,1450.3,567.8,30.2754267,29.25547416,29,27,5551.05,806.5,6741.11670868463,3057.7504802162,12.6586206896552,13.5962962962963,50.0103448275862,53.7148148148148,83.6,19.5793103448276,21.0296296296296,121.1017068,117.02189664,116,108,249.670989210542,113.250017785785,13.8352996802158,14.3385649367168,30.4310344827586,32.6851851851852,0.608494794180514,0.608494794180514,342.4,404.2,588.5,609.3,2194.5,1.62420768,-0.467815211,0.640529352,-0.538159317,253.2636364,317.3818182,494.5818182,517.5,1926.545455,1.345987826,-0.538563377,0.576781625,-0.59230594,116.6,198,367,428.3,1688.5,1.0890874,-0.633760273,0.518609968,-0.673807329
"43",46,1.37,27.32,14.87,258.74,6.14,-0.34,2.31,3.32,5.84,10.48,15.6,19.62,22.31,23,49,87,54.1,54.2,334.9,1543.5,537.9,27.39582378,26.13573162,25,24,5023.07,931.6,6123.43812547543,2777.57331283472,13.396,13.9541666666667,61.74,64.3125,88,21.516,22.4125,109.58329512,104.54292648,100,96,255.143255228143,115.732221368113,14.1747239832033,14.4670170848497,40.224,41.9,0.651506316812439,0.651506316812439,338.1666667,397.25,607.5,588.0833333,2305.75,1.596865128,-0.465872583,0.644366051,-0.5604677,254.6742424,321.4015152,520.2727273,521.4621212,2068.310606,1.404382987,-0.522449255,0.597668697,-0.598661999,120.75,201.5,398.25,440,1855.5,1.194072725,-0.609589313,0.559600482,-0.672559703
"44",47,1.37,28.88,14.11,240.87,6.45,-0.42,2.27,2.33,3.32,10.17,15.23,18.86,21.9,31,55,77,30,31.4,191.4,866.1,379.9,17.43665616,16.71536466,12,11,3197.04,486.2,4583.68820611965,2079.14733108938,15.95,17.4,72.175,78.7363636363636,88,31.6583333333333,34.5363636363636,69.74662464,66.86145864,48,44,416.698927829059,189.013393735398,16.3223772778355,17.0481670569009,40.5166666666667,44.2,0.561367047685025,0.561367047685025,411.8888889,469.5555556,737.1111111,722.3333333,2683.888889,1.583669192,-0.476990504,0.637514333,-0.542169826,284.5555556,360.8686869,587.4444444,624.0707071,2281.545455,1.261881242,-0.576551378,0.568169872,-0.590310249,149.6666667,241.1111111,450.6666667,539.7777778,1919.111111,0.989288081,-0.665157583,0.498573489,-0.654845304
"45",48,1.38,26.59,13.51,205.92,4.84,-0.22,2.89,4.25,6.57,10.71,13.75,16.72,19.55,25,48,70,52.5,46.9,332.5,1609.6,713.1,25.04700414,25.04700414,27,27,4592.41,896.5,6556.94555800368,2974.21099428635,12.3148148148148,12.3148148148148,59.6148148148148,59.6148148148148,87.2,26.4111111111111,26.4111111111111,100.18801656,100.18801656,108,108,242.849835481618,110.155962751346,13.0418272975553,13.0418272975553,33.2037037037037,33.2037037037037,0.556970675944334,0.556970675944334,431.3636364,455.5454545,762.0909091,736.1818182,2255.545455,1.497879807,-0.43268013,0.635630526,-0.493291489,270.030303,336.1363636,541.2272727,557.2424242,2044.598485,1.315108446,-0.533638,0.573308853,-0.583947556,119.1818182,199,390.4545455,446.1818182,1804.090909,1.062735588,-0.624215348,0.502443541,-0.676218147
"46",49,1.37,13.53,5.95,40.82,2.32,0.18,2.46,2.23,2.81,4.2,5.91,7.61,9.03,37,53,67,53.4,44.4,215.5,851,244,10.32371298,10.32371298,26,26,1892.87,607,2495.27638840204,1131.84994484353,8.28846153846154,8.28846153846154,32.7307692307692,32.7307692307692,45,9.38461538461539,9.38461538461539,41.29485192,41.29485192,104,104,95.9721687846937,43.5326901862895,8.53244937328621,8.53244937328621,23.3461538461538,23.3461538461538,0.713278495887191,0.713278495887191,400.4,486.6,704.9,766.4,1841.1,1.252490595,-0.227929937,0.465825644,-0.341909543,279.1166667,362.425,573.7583333,618.7083333,1553.575,0.881383989,-0.351293422,0.39972119,-0.422968432,116.4,210.2,420.9,481.6,1261.2,0.649295861,-0.441451953,0.319796613,-0.515803802
"47",50,1.37,29.61,9.33,116.53,5.42,0.77,3.35,2,2.68,5.17,8.57,12.68,16.7,14,35,61,59.5,50.4,347.7,1413.56,483.7,23.05247634,16.7146011,36,27,4226.71,657.06,4368.12850853537,1981.37009368383,9.65833333333333,12.8777777777778,39.2655555555556,52.3540740740741,100.6,13.4361111111111,17.9148148148148,92.20990536,66.8584044,144,108,161.782537353162,73.3840775438455,10.8355254192453,12.5117870352246,25.8294444444444,34.4392592592593,0.657814312798891,0.657814312798891,307.5,361.3333333,555.5833333,518.3333333,2182.916667,1.745986984,-0.491860151,0.686013336,-0.564729979,220.0909091,281.3106061,474.7651515,460.1742424,1982.090909,1.467493797,-0.558496525,0.62363332,-0.614283144,78.91666667,152.0833333,343.3333333,371.1666667,1742.333333,1.255061732,-0.6595668,0.58328789,-0.706182654
"48",51,1.37,29.14,13.42,237.73,7.6,-0.15,1.7,1.96,2.46,5.94,14.72,19.87,22.77,32,60,92,43.2,42.9,272.4,1404.1,752,23.96891196,23.96891196,18,18,4394.74,652.1,5139.76280005479,2331.38111224476,15.1333333333333,15.1333333333333,78.0055555555555,78.0055555555555,97,41.7777777777778,41.7777777777778,95.87564784,95.87564784,72,72,285.542377780822,129.521172902487,15.6253711067041,15.6253711067041,36.2277777777778,36.2277777777778,0.464425610711488,0.464425610711488,355.6363636,415.0909091,599.6363636,623.7272727,2193.272727,1.716094312,-0.395353049,0.639576397,-0.534827614,241.785124,306.7355372,488.9173554,519.9421488,1901.892562,1.31403762,-0.5516086,0.571018262,-0.589657865,101.3636364,167,301.2727273,307.0909091,1202.545455,1.06096908,-0.658904124,0.521558038,-0.685605114
"49",52,1.37,24.56,11.56,158.04,4.94,-0.23,2.39,2.43,4.2,8.31,12.11,15.13,17.63,32,59,87,43.8,42.2,227.4,1133.3,520.9,15.30206964,15.30206964,21,21,2805.66,612.4,2528.07762976012,1146.72849032029,10.8285714285714,10.8285714285714,53.9666666666667,53.9666666666667,77.3,24.8047619047619,24.8047619047619,61.20827856,61.20827856,84,84,120.384649036196,54.6061185866806,11.5586702151613,11.5586702151613,29.1619047619048,29.1619047619048,0.540368834377482,0.540368834377482,274.5,326.3333333,519,482.5,2147.75,1.818564843,-0.476581849,0.719930823,-0.581884801,178.5416667,237.5833333,422.3083333,404.6166667,1880.766667,1.482476315,-0.563958228,0.646299616,-0.634554307,26.33333333,97,275.25,296.5,1634.166667,1.258302291,-0.68825462,0.594942967,-0.736970887
"50",53,1.37,28.1,11.43,183.23,7.25,0.3,1.78,1.97,2.54,4.86,10.48,17.73,21.84,25,53,83,78.3,74.4,411.7,1601.2,583.2,37.84699674,27.40542282,29,24,6939.31,846.6,2592.977247675,1176.16676389141,14.1965517241379,17.1541666666667,55.2137931034483,66.7166666666667,103.4,20.1103448275862,24.3,151.38798696,109.62169128,116,96,108.040718653125,49.0069484954754,15.4688898025727,17.0040558887186,35.1034482758621,42.4166666666667,0.635773170122408,0.635773170122408,262.2,323.7,542.8,480.9,2984.4,2.206384914,-0.400701264,0.802943432,-0.602254659,157.7538462,215.1153846,408.2307692,347.9230769,2195.423077,1.810993912,-0.535057521,0.731734067,-0.687158585,29.9,100.8,272.6,234.3,1668.1,1.533544132,-0.64475289,0.639138365,-0.756668246
"51",54,1.37,23,6.77,80.81,5.91,1.14,2.72,1.8,2.07,2.71,3.81,11.64,17.17,42,64,92,77.5,68.9,113.7,532,251,9.40722282,9.40722282,9,8,1724.83,281,2476.19985050987,1123.19688401972,12.6333333333333,14.2125,59.1111111111111,66.5,75,27.8888888888889,31.375,37.62889128,37.62889128,36,32,309.524981313734,140.399610502465,13.8436909015543,14.6834515697093,31.2222222222222,35.125,0.528195488721805,0.528195488721805,301.7272727,352.3636364,560.1818182,493.6363636,2433.272727,1.936460396,-0.370223939,0.74490635,-0.59512956,205.1239669,262.0413223,459.7768595,410.8677686,2166.669421,1.667542137,-0.471098878,0.681871956,-0.650729006,55.54545455,133,322.5454545,305,1944.272727,1.430194577,-0.57008053,0.637904742,-0.735456299
"52",55,1.37,26.34,13.8,222.44,5.65,-0.37,2.36,3.22,5.18,10.14,14.52,18.11,20.92,21,47,69,50.7,47.2,535.2,3141.7,1273,27.5165208,19.82545362,64,44,5045.2,920.7,2987.07866250829,1354.92999297301,8.3625,12.1636363636364,49.0890625,71.4022727272727,86,19.890625,28.9318181818182,110.0660832,79.30181448,256,176,67.8881514206429,30.7938634766592,8.87869641332555,10.7081107747182,29.1984375,42.4704545454545,0.59480536015533,0.59480536015533,401.5833333,468.5,689.5833333,689.6666667,2517.416667,1.55456895,-0.49590641,0.633166745,-0.553375944,295.6969697,361.5530303,570.9621212,588.4090909,2216.189394,1.362165063,-0.578577816,0.582719227,-0.592224841,156.8333333,238.25,444.4166667,494.75,1935.666667,1.143262713,-0.660885225,0.54009553,-0.658524329
"53",56,1.37,29.18,15.77,287.94,6.25,-0.48,2.62,2.39,6.81,12.08,16.27,20.83,23.29,27,55,83,46.6,45.2,381.9,2166.1,1102.6,27.50075874,27.50075874,33,33,5042.31,1063.5,3752.85339719738,1702.28313399137,11.5727272727273,11.5727272727273,65.6393939393939,65.6393939393939,91.5,33.4121212121212,33.4121212121212,110.00303496,110.00303496,132,132,113.722830218103,51.584337393678,12.3611193962065,12.3611193962065,32.2272727272727,32.2272727272727,0.490974562577905,0.490974562577905,316.7,361.7,560,507.1,2361,1.86764061,-0.454662922,0.740856564,-0.5875063,214.8090909,267.8181818,458.5272727,421.9,2079.936364,1.609317826,-0.523322597,0.66265521,-0.639148766,49.6,120,304.2,301,1810.3,1.380374319,-0.632820499,0.60783692,-0.737955463
"54",57,1.37,34.07,11.86,200.13,7.71,0.15,1.7,2.09,2.58,3.88,12.92,18.48,21.48,36,61,92,71.3,64,295.2,1541.8,702.9,25.54828128,25.54828128,20,20,4684.32,838.9,6608.74392244949,2997.70657826793,14.76,14.76,77.09,77.09,112,35.145,35.145,102.19312512,102.19312512,80,80,330.437196122474,149.885328913397,15.3041170931224,15.3041170931224,41.945,41.945,0.544104293682709,0.544104293682709,284.2727273,327.5454545,516.4545455,435.3636364,2423.272727,2.067033222,-0.388884049,0.760850001,-0.610363028,185.9834711,236.4049587,419.2892562,365.8677686,2069.644628,1.734961629,-0.485709125,0.700097106,-0.664449226,35.18181818,101.0909091,273.0909091,266.3636364,1730.181818,1.470408534,-0.613821165,0.650412565,-0.753136429
"55",58,1.37,20.25,7.86,72.69,3.3,0.23,3,2.23,3.25,5.69,7.87,9.93,11.98,42,70,99,69.3,58.8,381.9,1848.6,671.7,17.82798066,17.504613,48,47,3268.79,1176.9,2952.89718908064,1339.4253783365,7.95625,8.12553191489362,38.5125,39.331914893617,67.5,13.99375,14.2914893617021,71.31192264,70.018452,192,188,62.8275997676732,28.4984123050318,8.25225979151569,8.33958772387792,24.51875,25.0404255319149,0.636643946770529,0.636643946770529,292.6666667,330.0833333,528.9166667,430.6666667,2229.416667,2.066930127,-0.382286931,0.777456313,-0.585332513,146.0083333,194.7083333,379.5333333,318.8666667,1849.916667,1.685212232,-0.515087465,0.705974514,-0.661664044,14.91666667,67,232.3333333,214.5,1541.083333,1.433592634,-0.657374089,0.64365913,-0.759042338
"56",59,1.37,20.12,10.23,118.43,3.72,-0.2,2.5,3.5,4.95,7.68,10.52,12.88,14.96,40,72,99,48.1,44,398.8,1898.8,913.94,25.85490516,25.85490516,39,39,4740.54,984.86,3605.06111027159,1635.24499241204,10.225641025641,10.225641025641,48.6871794871795,48.6871794871795,73.4,23.434358974359,23.434358974359,103.41962064,103.41962064,156,156,92.4374643659382,41.929358779796,11.0250763123122,11.0250763123122,25.2528205128205,25.2528205128205,0.518674952601643,0.518674952601643,384.7,427.5,567.7,497,2299.6,2.109492551,-0.349243504,0.748729235,-0.527832198,155.7846154,207.5615385,375.0384615,331.9846154,1729.707692,1.650216787,-0.499987316,0.677029794,-0.64314695,35.2,92.4,258.4,234.8,1337,1.332366799,-0.60126884,0.574160415,-0.725830543
"57",60,1.37,28.19,11.54,160.77,5.25,0.14,2.59,2.92,4.14,7.68,11.81,15.08,18.27,30,60,98,56.8,53,437.4,1566.2,743,34.65711576,31.05076734,38,31,6354.44,823.2,5998.79207890939,2721.03423700871,11.5105263157895,14.1096774193548,41.2157894736842,50.5225806451613,83,19.5526315789474,23.9677419354839,138.62846304,124.20306936,152,124,193.509421900303,87.7752979680228,12.9314386385722,14.3171902091112,21.6631578947368,26.5548387096774,0.525603371216958,0.525603371216958,317.6363636,377.1818182,561.6363636,583.4545455,2349,1.801176703,-0.423912187,0.698888101,-0.553223339,226.107438,286.7024793,466.6363636,463.5206612,1941.289256,1.474291094,-0.510688673,0.615885187,-0.613162604,105.5454545,173.6363636,346,367.3636364,1603.636364,1.13534642,-0.613369514,0.533041036,-0.682624454
"58",61,1.37,24.84,9.6,116.15,4.9,0.74,3.1,2.97,3.86,5.79,8.9,12.65,16.29,39,76,105,44.9,44.1,220.1,808.5,222.5,14.83689798,14.83689798,22,22,2720.37,586,3082.51367344479,1398.21902995772,10.0045454545455,10.0045454545455,36.75,36.75,77.5,10.1136363636364,10.1136363636364,59.34759192,59.34759192,88,88,140.114257883854,63.5554104526237,11.1199452255028,11.1199452255028,26.6363636363636,26.6363636363636,0.724799010513296,0.724799010513296,415.4,469.2,673.4,711.8,2392.5,1.583707363,-0.494893798,0.595130986,-0.532883936,332.5875,399.1375,603.4,633.5125,2158.15,1.327731514,-0.532275403,0.551327223,-0.565728045,241.7,305.8,505.8,545.3,1911.1,1.110317096,-0.577130729,0.509509915,-0.601298577
"59",62,1.37,34.54,20.19,455.3,6.89,-0.7,3.58,4.43,11.7,16.39,20.85,24.78,28.23,22,46,66,30.2,32.2,167.1,901,352.4,16.10408034,14.39970534,10,8,2952.71,421,2041.51248402077,926.023988034461,16.71,20.8875,90.1,112.625,112.5,35.24,44.05,64.41632136,57.59882136,40,32,255.189060502596,115.752998504308,17.1834513413342,19.2116826436416,54.86,68.575,0.608879023307436,0.608879023307436,1301.833333,1322.083333,1532.333333,1562.583333,3016.833333,2.129603935,-0.280946646,0.69268767,-0.329049223,314.8125,366.8611111,555.1111111,552.7569444,2029.423611,1.208077504,-0.546551699,0.59299316,-0.590343133,60.83333333,129.8333333,309,331.6666667,1692.083333,-2.045579265,-0.668060124,0.320440503,-0.710131109
"60",63,1.37,29.54,12.25,178.22,5.3,0.38,3.34,2.79,5.72,8.97,12.15,15.01,19.15,37,62,83,61.6,54.4,429.3,2199.6,1103.6,27.39364218,27.39364218,45,45,5022.67,1096,4304.27069140121,1952.40437784687,9.54,9.54,48.88,48.88,88.2,24.5244444444444,24.5244444444444,109.57456872,109.57456872,180,180,95.6504598089158,43.3867639521527,10.5647947868801,10.5647947868801,24.3555555555556,24.3555555555556,0.49827241316603,0.49827241316603,250.1,287.3,427.4,363.1,2027.6,2.366184812,-0.388494271,0.815136904,-0.605765581,136.7909091,176.3363636,336.7818182,266.0636364,1713.8,1.852155218,-0.498350003,0.731580013,-0.672734255,-7.9,46.5,207.3,164.9,1441.2,1.536642369,-0.62945205,0.65596171,-0.772464222
"61",64,1.39,22.41,13.37,192.41,3.71,-0.57,3.18,6.5,8.31,11.13,13.89,15.99,17.71,26,55,98,70.5,55.7,664.5,3863.9,2491.8,35.53079202,34.58561382,73,71,6514.63,1372.1,3239.68492233225,1469.51144077486,9.1027397260274,9.35915492957746,52.9301369863014,54.4211267605634,72.5,34.1342465753425,35.0957746478873,142.12316808,138.34245528,292,284,45.6293651032712,20.6973442362656,9.44677229794998,9.57890140426741,18.7958904109589,19.3253521126761,0.355107533838867,0.355107533838867,221.4545455,264.7272727,417.3636364,337.8181818,2046.636364,2.23314106,-0.386509329,0.821454807,-0.59374307,119.9586777,161.8016529,333.3471074,254.1487603,1704.041322,1.822637134,-0.496626835,0.738909277,-0.672928853,5,55.09090909,216.6363636,175.9090909,1413.545455,1.52138765,-0.623593265,0.657104644,-0.755573961
"62",65,1.37,25.06,11.26,167.23,6.36,0.19,1.76,2.5,3.13,5.27,10.73,17.06,19.93,37,70,98,62,57.4,399.3,1726.8,647,28.31100498,28.31100498,38,38,5190.87,1079.8,4861.10205223525,2204.98142621575,10.5078947368421,10.5078947368421,45.4421052631579,45.4421052631579,83,17.0263157894737,17.0263157894737,113.24401992,113.24401992,152,152,127.923738216717,58.0258270056777,11.6876790726501,11.6876790726501,28.4157894736842,28.4157894736842,0.625318508223303,0.625318508223303,241.7,272.6,453.6,413.8,1760.2,2.265783967,-0.308205846,0.777932912,-0.542451292,138.3666667,179.2166667,337.7583333,282.625,1467.541667,1.684821266,-0.447518915,0.678403962,-0.627336991,13.5,72.5,233.9,204,1163.1,1.248466621,-0.581458151,0.57352117,-0.707033801
"63",66,1.41,18.57,9.63,105.03,3.52,-0.21,2.35,3.33,4.6,7.1,9.89,12.35,14.01,38,60,87,40.6,38.4,195.1,775.5,268,14.14423998,14.14423998,16,16,2593.37,507.5,1816.56643225,823.989128299918,12.19375,12.19375,48.46875,48.46875,63,16.75,16.75,56.57695992,56.57695992,64,64,113.535402015625,51.4993205187449,12.7312852846836,12.7312852846836,31.71875,31.71875,0.654416505480335,0.654416505480335,314.3636364,370.0909091,587.6363636,585.9090909,2434.727273,1.582184564,-0.48247155,0.663821047,-0.554377144,217.1818182,283.2377622,479.6783217,488.2377622,1978.202797,1.357468873,-0.569390454,0.603289648,-0.609135649,85.27272727,158.1818182,352.1818182,397.2727273,1636.181818,1.115820627,-0.665089125,0.542614991,-0.690485196
"64",67,1.37,30.5,11.69,167.19,5.53,0.38,3.01,3.04,4.21,7.62,11.73,15.15,18.49,30,57,88,43.1,41.8,230.6,930.6,344.1,19.14746688,18.51131232,17,16,3510.72,538.5,3693.07928832048,1675.16977606844,13.5647058823529,14.4125,54.7411764705882,58.1625,98.2,20.2411764705882,21.50625,76.58986752,74.04524928,68,64,230.81745552003,104.698111004277,14.3705581372635,14.8128322747542,34.5,36.65625,0.630238555770471,0.630238555770471,349.5,413,606.8333333,640.25,2190.5,1.55656638,-0.430232401,0.673392187,-0.540691748,233,300.4230769,479.8525641,512.8589744,1862.089744,1.279853537,-0.564254875,0.573411758,-0.593232155,23.08333333,88,225.5833333,226,1156.166667,1.074882342,-0.674453984,0.514229479,-0.685050944
"65",68,1.37,26.14,14.62,241.43,5.27,-0.54,2.7,4.12,7.24,11.09,15.54,18.54,20.75,36,65,94,48.2,45.9,408.5,1741,819,33.42794778,31.51190304,31,28,6129.07,875,3378.61435875,1532.52941973601,13.1774193548387,14.5892857142857,56.1612903225806,62.1785714285714,90.5,26.4193548387097,29.25,133.71179112,126.04761216,124,112,120.664798526786,54.7331935620002,14.0610076269047,14.7951126100093,29.741935483871,32.9285714285714,0.529580700746697,0.529580700746697,305.2,347.8,519.6,465.8,2261.3,1.988454564,-0.421503991,0.725790584,-0.567024183,226.3125,273.0625,449.725,403.1625,1908.375,1.686682137,-0.517818677,0.649218428,-0.617735481,124.2,180.4,345.1,330.1,1562.2,1.358216316,-0.594541883,0.586055523,-0.66855464
"66",69,1.37,29.6,15.29,280.63,6.84,-0.17,2.19,3.2,4.98,10.27,16.03,20.46,24.18,21,42,61,59.7,53.3,541.1,2532.9,1387.5,40.20072498,34.6072662,47,39,7370.87,1117.4,3802.41145304656,1724.76252065978,11.5127659574468,13.874358974359,53.8914893617021,64.9461538461538,97.5,29.5212765957447,35.5769230769231,160.80289992,138.4290648,188,156,97.4977295652963,44.2246800169175,12.5230595812923,13.7476058521717,24.3702127659574,29.3692307692308,0.45220893047495,0.45220893047495,249.1666667,287.3333333,396.1666667,319.9166667,1489.166667,3.124187027,-0.25545425,0.776114444,-0.550482313,144.8333333,175.9895833,294.8958333,223.71875,1294.927083,2.126273986,-0.445822428,0.708716422,-0.632007996,40.33333333,84.16666667,205.3333333,150.3333333,1098.416667,1.68967356,-0.565272177,0.635634253,-0.70022656
"67",70,1.37,23,11.77,163.79,5.04,-0.25,2.12,2.91,4.17,7.98,12.49,15.67,18.12,41,76,103,47.4,43,252.3,1152.4,454,16.91279946,16.91279946,23,23,3100.99,650.4,2534.74886694597,1149.75454365689,10.9695652173913,10.9695652173913,50.104347826087,50.104347826087,75.1,19.7391304347826,19.7391304347826,67.65119784,67.65119784,92,92,110.206472475912,49.989327985082,11.6114448788216,11.6114448788216,30.3652173913043,30.3652173913043,0.606039569593891,0.606039569593891,270.2,317.1,510.3,433.6,2379.5,1.902352355,-0.454781243,0.766030103,-0.589639008,170.65,217.7083333,412.65,348.1083333,1986.825,1.686140819,-0.522544807,0.700380999,-0.656850642,15.4,77.6,253.3,247.8,1605.8,1.419536647,-0.646796823,0.616722232,-0.749824113
"68",71,1.37,28.3,13.67,214.14,5.23,-0.21,2.91,3.66,5.76,10.86,13.96,16.99,20.15,29,55,87,69.4,60.7,497.3,2672.6,1218.1,30.54561786,30.18587202,49,47,5600.59,1378.5,3441.57355208361,1561.08752249098,10.1489795918367,10.5808510638298,54.5428571428571,56.863829787234,88.9,24.8591836734694,25.9170212765957,122.18247144,120.74348808,196,188,73.2249691932682,33.2146281381059,10.6910128192815,10.9161114579186,29.6836734693878,30.9468085106383,0.544226595824291,0.544226595824291,246.8333333,290.3333333,451.3333333,380.3333333,2464.833333,2.108970021,-0.42346367,0.830508202,-0.611076881,143.5486111,184.6319444,368.375,290.5763889,1951.319444,1.8099982,-0.511189955,0.73714673,-0.681090673,-2.333333333,56.58333333,232.9166667,204.6666667,1549.916667,1.495463261,-0.643542498,0.664074972,-0.765318577
"69",72,1.37,29.16,13.59,215.84,5.59,-0.02,2.7,3.83,5.86,9.88,13.86,17.29,20.6,22,44,77,59.7,51.2,481.8,2376.3,1065,27.30828708,20.6668422,52,34,5007.02,971.3,2617.00552771843,1187.06592022064,9.26538461538462,14.1705882352941,45.6980769230769,69.8911764705882,99,20.4807692307692,31.3235294117647,109.23314832,82.6673688,208,136,76.9707508152479,34.9137035359012,9.81268801877682,12.1352912662881,25.2173076923077,38.5676470588235,0.551824264613054,0.551824264613054,229.75,262.9166667,416.1666667,330,1735.083333,2.640744317,-0.349259466,0.845014066,-0.57607911,112.525,150.0916667,298.75,222.8,1450.466667,1.904559747,-0.499832143,0.736579925,-0.66159901,-19.41666667,26.08333333,156.0833333,103.25,1177.666667,1.558247181,-0.640414466,0.656783616,-0.773333897
"70",73,1.37,22.96,11.68,154.65,4.26,-0.4,2.31,4.02,5.22,8.54,12.58,14.86,16.73,43,92,119,74.7,63.9,661.6,3542.1,1992.2,36.29713356,35.24767488,72,70,6655.14,1464.9,3308.86685523821,1500.89215968348,9.18888888888889,9.45142857142857,49.1958333333333,50.6014285714286,71,27.6694444444444,28.46,145.18853424,140.99069952,288,280,47.2695265034029,21.4413165669069,9.61418223251463,9.75056042345406,21.5263888888889,22.1414285714286,0.437565286129697,0.437565286129697,253.4545455,289.2727273,438.3636364,365.3636364,1931.727273,2.323855165,-0.339365447,0.797399499,-0.572683161,147.4132231,186.0495868,343.2975207,283.6115702,1599.289256,1.766720895,-0.475371713,0.69925228,-0.648357673,1.090909091,49.09090909,193.5454545,167.3636364,1324.909091,1.427383772,-0.647902727,0.637041433,-0.768934011
"71",74,1.37,29.06,13.28,212.5,6.01,-0.16,2.24,2.61,4.27,8.81,13.77,17.75,20.77,22,42,76,63.5,58,329.5,1776.2,656.8,22.80693726,20.57990544,29,25,4181.69,929.4,2802.56870493262,1271.23682524386,11.3620689655172,13.18,61.248275862069,71.048,93.1,22.648275862069,26.272,91.22774904,82.31962176,116,100,112.102748197305,50.8494730097545,12.0081725044468,12.9331975937894,38.6,44.776,0.630221821866907,0.630221821866907,311.5454545,339.8181818,489.5454545,399.5454545,1918.818182,2.621693306,-0.338491066,0.839139239,-0.556684126,128.1404959,165.8181818,323.3801653,234.0578512,1624.719008,1.994503971,-0.507263706,0.749243102,-0.669209139,-14.27272727,39.09090909,198,136,1289.727273,1.6703953,-0.65178533,0.628518587,-0.772196038
"72",75,1.39,22.63,12.57,175.31,4.16,-0.28,2.54,5.19,6.75,9.79,12.78,15.74,17.79,41,92,119,66.1,56.9,484.5,2245.8,1259.5,31.99354578,31.56153444,44,43,5866.07,986.3,2944.04784069515,1335.41134024093,11.0113636363636,11.2674418604651,51.0409090909091,52.2279069767442,78.1,28.625,29.2906976744186,127.97418312,126.24613776,176,172,68.4662288533756,31.0560776800216,11.5464181773948,11.6799072153052,22.4159090909091,22.9372093023256,0.439175349541366,0.439175349541366,308.6363636,324.3636364,501.7272727,450.1818182,1987.181818,2.206095906,-0.323003579,0.778505455,-0.49470526,154.8595041,194.3684573,356.6274105,293.7134986,1621.179063,1.746837004,-0.460676345,0.693032509,-0.640198751,43.72727273,99.18181818,247,206,1344.090909,1.407538961,-0.574596665,0.531261466,-0.727362833
"73",76,1.37,26.09,13.16,198.72,5.06,-0.25,2.42,4.18,5.79,9.55,13.69,16.85,19.3,24,47,81,68.6,56.8,610.6,4125,2037,32.49155052,26.8538598,72,56,5957.38,1193,3132.80425319708,1421.03068728889,8.48055555555556,10.9035714285714,57.2916666666667,73.6607142857143,86,28.2916666666667,36.375,129.96620208,107.4154392,288,224,55.942933092805,25.3755479873015,9.09622937754369,10.3141546291631,29,37.2857142857143,0.506181818181818,0.506181818181818,220.75,258.6666667,398,322.8333333,1724.333333,2.588908886,-0.379260518,0.790334662,-0.581543749,136.0185185,173.2351852,310.9046296,242.3944444,1456.088889,1.948912267,-0.498278305,0.712217554,-0.64618135,20.5,71.58333333,235.5833333,179.4166667,1101.333333,1.592248474,-0.612867832,0.632721966,-0.71990189
"74",77,1.37,26.75,10.96,155.45,5.94,0.65,2.59,2.89,4.21,6.39,9.73,14.56,21.02,31,54,81,30.3,29.7,173.8,995.3,490,11.2532382,11.0568942,18,17,2063.3,458.3,1544.53102823482,700.594678506221,9.65555555555556,10.2235294117647,55.2944444444444,58.5470588235294,87,27.2222222222222,28.8235294117647,45.0129528,44.2275768,72,68,90.8547663667539,41.2114516768366,10.7064362781356,11.0168320417121,28.0722222222222,29.7235294117647,0.507686124786497,0.507686124786497,492.7,543.4,757.3,829.6,2362.9,1.554856262,-0.213966981,0.542190135,-0.276182023,388.9381818,458.1381818,648.4036364,711.3690909,2047.919091,1.199726248,-0.55758149,0.477478513,-0.510180986,271.5,352.7,544.2,558,1072.1,0.970114122,-0.663377422,0.293133759,-0.599238825
"75",78,1.37,24.27,11.77,160.09,4.64,-0.44,2.51,2.78,4.51,8.87,12.59,15.12,17.11,18,38,55,67.8,54.3,479.9,3391.6,1720.4,22.67833194,19.03593258,61,48,4158.11,983.2,2410.25556681284,1093.28475315832,7.8672131147541,9.99791666666667,55.6,70.6583333333333,82,28.2032786885246,35.8416666666667,90.71332776,76.14373032,244,192,50.2136576419342,22.7767656907984,8.25625445979701,9.30737834552065,27.3967213114754,34.8166666666667,0.492746786177615,0.492746786177615,235.1666667,277.25,394.9166667,326.5,1566.666667,2.629414757,-0.329293405,0.772395651,-0.565154418,124.5120701,166.7486772,303.9902447,235.6936177,1388.239749,1.934281586,-0.486901244,0.711521879,-0.641570807,21.41666667,77.33333333,237,178,1198.333333,1.583326848,-0.582590957,0.640178939,-0.701827437
"76",79,1.37,34.59,16.4,316.78,6.92,-0.06,2.49,4.15,6.62,11.65,16.55,21.11,25.68,24,50,83,66.6,58.3,447.9,2450.4,1368.5,27.5407911,24.34851036,46,41,5049.65,959.9,2637.85856784375,1196.52479717126,9.73695652173913,10.9243902439024,53.2695652173913,59.7658536585366,107.6,29.75,33.3780487804878,110.1631644,97.39404144,184,164,64.3380138498477,29.1835316383234,10.477356536837,11.0978464181998,23.5195652173913,26.3878048780488,0.441519751877245,0.441519751877245,265.0833333,307.6666667,449,394.75,1529.5,3.008042335,-0.275914761,0.77927275,-0.537447438,139.6828704,176.78125,300.8032407,235.7210648,1288.515046,2.012824843,-0.441108535,0.693429659,-0.623527105,17.66666667,66.58333333,195.8333333,150,1006.083333,1.601289673,-0.579167902,0.585322291,-0.709962179
"77",80,1.37,30.39,9.96,153.52,7.38,0.73,2.28,2.01,2.43,3.65,7.16,15.81,21.31,36,68,105,40.3,39.6,181.6,646.2,179.1,17.06294808,10.38665214,12,7,3128.52,295.1,1801.08009784524,816.964573094999,15.1333333333333,25.9428571428571,53.85,92.3142857142857,102.5,14.925,25.5857142857143,68.25179232,41.54660856,48,28,257.297156835034,116.709224727857,16.1465166522071,21.1407527910297,38.925,66.7285714285714,0.722841225626741,0.722841225626741,346.8333333,397.4166667,613.5833333,547,2474.916667,2.199377533,-0.416868016,0.730123281,-0.560153415,235.6145833,285.4166667,471,412.7291667,2001.84375,1.775495889,-0.528534276,0.664211303,-0.62095884,113.25,167.1666667,332.5833333,289.9166667,1516.416667,1.474512287,-0.614048277,0.587591529,-0.684320609
"78",81,1.37,18.81,9.41,105.37,4.09,-0.39,2.05,2.22,2.86,6.18,10.33,12.65,14.25,17,35,60,68.8,52.9,716.3,5172,2268,27.05745762,17.17279164,106,70,4961.03,1205,2836.50198076618,1286.62885819023,6.75754716981132,10.2328571428571,48.7924528301887,73.8857142857143,62.5,21.3962264150943,32.4,108.22983048,68.69116656,424,280,40.5214568680883,18.3804122598604,6.84121113629164,8.4185424595269,27.3962264150943,41.4857142857143,0.561484918793503,0.561484918793503,330.5833333,370.1666667,525.3333333,475.5833333,1794.166667,2.186226172,-0.444607404,0.678196316,-0.54626738,211.9166667,257.9270833,408.4479167,362.4166667,1582.291667,1.718466254,-0.515013325,0.629123986,-0.591346592,106,160.25,318.4166667,286.5,1428.5,1.42279272,-0.586950223,0.57985575,-0.644323488
"79",82,1.37,28.89,8.84,138.61,7.77,0.94,2.33,1.78,2.08,3.02,4.73,15.78,22.14,36,54,77,39.1,38,49.4,203.2,97.2,5.2325676,5.2325676,3,3,959.4,106,1040.55695969837,471.993540641554,16.4666666666667,16.4666666666667,67.7333333333333,67.7333333333333,90.4,32.4,32.4,20.9302704,20.9302704,12,12,346.852319899457,157.331180213851,17.8829527763174,17.8829527763174,35.3333333333333,35.3333333333333,0.521653543307087,0.521653543307087,395.2727273,421.1818182,657.8181818,563.9090909,2480.636364,2.036453325,-0.377719066,0.79450467,-0.565204274,181.6363636,222.231405,413.338843,347.4628099,2075.570248,1.751663366,-0.526772537,0.714235338,-0.671115886,19.09090909,72.36363636,238.8181818,224.2727273,1667.545455,1.445409222,-0.677409941,0.615432555,-0.766989589
"80",83,1.37,33.1,17.64,346.66,5.95,-0.04,2.85,7.46,9.84,13.71,17.88,21.3,25.42,31,66,99,39,39.5,231.4,1022.8,519.1,23.55538968,23.55538968,14,14,4318.92,503.7,2591.06014937923,1175.29717380896,16.5285714285714,16.5285714285714,73.0571428571428,73.0571428571428,108.9,37.0785714285714,37.0785714285714,94.22155872,94.22155872,56,56,185.075724955659,83.9497981292113,17.5640054006564,17.5640054006564,35.9785714285714,35.9785714285714,0.492471646460696,0.492471646460696,335.4,380.1,556,532.2,2296.1,1.761792557,-0.497267348,0.674419147,-0.564855385,232.97,287.17,470.75,464.95,1996.48,1.474440267,-0.567018831,0.622231776,-0.619247591,108,175.8,345.7,378,1717.8,1.236229126,-0.665689087,0.568302512,-0.691485411
"81",84,1.37,27.64,11.31,168.21,6.34,0.13,1.92,2.16,2.8,5.34,11.63,16.25,19.76,34,65,94,73.9,66.9,397,1998.9,910.1,25.75389708,25.75389708,37,37,4722.02,1088.8,3478.06316762687,1577.63910352303,10.7297297297297,10.7297297297297,54.0243243243243,54.0243243243243,86.6,24.5972972972973,24.5972972972973,103.01558832,103.01558832,148,148,94.0017072331586,42.6388946898116,11.2969979269787,11.2969979269787,29.427027027027,29.427027027027,0.544699584771624,0.544699584771624,251.3333333,287.25,480.5,363,2234.25,2.330606887,-0.396694005,0.805624738,-0.61792176,151.7833333,193.2583333,382.7333333,288.7666667,1977.825,1.898042487,-0.507557072,0.7453557,-0.676533446,40,93.58333333,272.9166667,208.8333333,1675.666667,1.643228279,-0.615946586,0.691401268,-0.750295117
"82",85,1.37,27.74,14.42,243.14,5.94,-0.3,2.16,3.88,5.79,9.54,15.51,19.07,21.41,42,92,116,51.7,49.4,305.1,1375.8,600.1,23.84614242,22.65095286,25,23,4372.23,685.7,2684.76899553247,1217.80322758435,12.204,13.2652173913043,55.032,59.8173913043478,90,24.004,26.0913043478261,95.38456968,90.60381144,100,92,116.729086762281,52.9479664167111,13.2245680458758,13.7875652862186,31.028,33.7260869565217,0.563817415321994,0.563817415321994,303.7,346.4,561.3,462.9,2435,2.012158216,-0.415391126,0.745875555,-0.589123547,195.44,242.95,443.57,381.19,2057.43,1.686240807,-0.533022434,0.687135834,-0.646180582,57.7,111.7,301.4,289.6,1705.3,1.436157562,-0.658563447,0.624161881,-0.730787098
"83",86,1.37,25.98,11.35,161.39,5.7,0.23,2.25,2.51,3.67,6.99,11.06,15.52,19.37,30,56,88,64.3,58.7,504.8,2797.2,1524,32.9836104,32.5928313,47,45,6047.6,1240.2,3957.92822070387,1795.30446371399,10.7404255319149,11.2177777777778,59.5148936170213,62.16,91.4,32.4255319148936,33.8666666666667,131.9344416,130.3713252,188,180,87.9539604600859,39.8956547491998,11.3433831119967,11.5927180208574,27.0893617021277,28.2933333333333,0.455169455169455,0.455169455169455,323.0909091,346.3636364,525.7272727,447.4545455,2026.454545,4.723050145,-0.273581405,0.819095574,-0.536113549,142.2396694,176.9256198,331.338843,243.0909091,1676.661157,2.204140478,-0.491499009,0.746650268,-0.669003227,21.27272727,71.27272727,233.9090909,166.1818182,1113.363636,1.628595855,-0.611451252,0.623957119,-0.749627189
"84",87,1.37,24.22,9.12,115.46,5.69,0.75,2.44,2.28,3.06,4.58,7.32,12.9,18.44,28,53,88,41.8,38.7,220.4,1508.2,458.1,11.86779492,6.8995827,25,13,2175.98,312,1078.62110103762,489.259321889512,8.816,16.9538461538462,60.328,116.015384615385,88,18.324,35.2384615384615,47.47117968,27.5983308,100,52,82.9708539259707,37.6353324530394,9.32948015700768,12.9376611844288,42.004,80.7769230769231,0.696260442912081,0.696260442912081,408.4545455,472.6363636,690.4545455,631.5454545,2238.545455,1.977157712,-0.418613442,0.717524095,-0.52833342,232.2107438,283.0057851,466.2710744,427.0347107,1936.342975,1.616748129,-0.570815238,0.641145311,-0.615164161,70,121.8181818,298.7272727,299.9090909,1637.181818,1.369980006,-0.706014677,0.559748655,-0.717791574
"85",88,1.37,21.56,10.59,138.41,5.13,-0.17,1.87,2.13,2.85,6.3,11.11,14.93,17.03,18,37,61,51,45.8,573.4,4240.5,1788.9,26.11833336,16.14334914,71,45,4788.84,876.6,2604.3853339541,1181.34143788175,8.07605633802817,12.7422222222222,59.7253521126761,94.2333333333333,73.8,25.1957746478873,39.7533333333333,104.47333344,64.57339656,284,180,57.8752296434244,26.2520319529277,8.21270057315043,10.3159423547569,34.5295774647887,54.48,0.578139370357269,0.578139370357269,272.75,314.75,444.3333333,384.25,1769.583333,2.252662931,-0.42463355,0.715687484,-0.550476149,172.4285714,218.0119048,361.1309524,313.9166667,1512.202381,1.753540517,-0.527615453,0.654045989,-0.613196423,69.16666667,127.8333333,277.25,251.75,1264.666667,1.422305726,-0.617995868,0.590959206,-0.669762239
"86",90,1.37,18.31,7.87,76.46,3.8,0.15,2.21,1.85,2.46,4.81,7.76,10.77,12.96,23,44,92,27,27.9,88,283.9,22,7.89073812,2.96686692,6,4,1446.78,142.9,492.44529363,223.371719872086,14.6666666666667,22,47.3166666666667,70.975,61,3.66666666666667,5.5,31.56295248,11.86746768,24,16,123.1113234075,55.8429299680214,15.5283611498445,19.0182806793885,43.65,65.475,0.922507925325819,0.922507925325819,479.1818182,546.7272727,759.9090909,752.1818182,2540.909091,1.586895152,-0.487173779,0.596571212,-0.530458819,360.4772727,424.75,629.875,648.4090909,2281.579545,1.381336637,-0.576832712,0.555980937,-0.566874645,263.1818182,329.0909091,523,572.3636364,1936.363636,1.171845181,-0.620499638,0.51817292,-0.600808805
"87",91,1.37,16.71,9.47,98.5,2.98,-0.6,2.92,3.47,4.99,7.77,9.93,11.59,12.91,37,66,103,79,60.1,569.8,3126.8,1900.7,24.6728052,23.9896917,76,73,4523.8,1100.1,2673.46018989881,1212.67358699937,7.49736842105263,7.80547945205479,41.1421052631579,42.8328767123288,52.6,25.0092105263158,26.0369863013699,98.6912208,95.9587668,304,292,36.6227423273809,16.6119669451968,7.71515937687138,7.87209394085834,16.1328947368421,16.7958904109589,0.392126135346041,0.392126135346041,599.3846154,609.3076923,755.3846154,674.5384615,1845.846154,2.778605107,-0.200044234,0.772153983,-0.419120181,211.2222222,245.7435897,389.3418803,312.9487179,1495.538462,2.012293618,-0.374855016,0.666885646,-0.597939753,38.92307692,82.92307692,235.9230769,176.5384615,1167.153846,1.605305087,-0.515727765,0.464702244,-0.697796602
"88",92,1.37,31.48,16.31,312.8,6.84,-0.17,2.17,4.45,6.69,11.04,16.85,21.84,25.04,27,66,103,79.4,67.5,516,2574.2,1502.7,37.23194916,32.6296458,48,46,6826.54,934.5,2353.449807785,1067.51782989431,10.75,11.2173913043478,53.6291666666667,55.9608695652174,92.8,31.30625,32.6673913043478,148.92779664,130.5185832,192,184,51.1619523431522,23.2069093455285,11.9255852407055,12.1820787831249,22.3229166666667,23.2934782608696,0.416245823945303,0.416245823945303,322.4,359.1,570.8,488.7,2098.6,2.143356529,-0.381385726,0.746928799,-0.556170571,202.21,249.65,438.8,375.24,1816.48,1.735113216,-0.4840525,0.671745545,-0.617411917,77.2,133.1,301.6,267.4,1527.2,1.447111806,-0.58256259,0.589629477,-0.691237664
"89",93,1.37,31.74,13.3,230.12,7.29,0.16,1.94,2.74,3.75,6.61,13.38,19.17,23.04,23,44,77,75.4,64.6,365.8,2265.4,1036,22.00558104,20.62719162,38,33,4034.76,1021.4,3403.46133473083,1543.79993410634,9.62631578947368,11.0848484848485,59.6157894736842,68.6484848484849,102.6,27.2631578947368,31.3939393939394,88.02232416,82.50876648,152,132,103.13519196154,46.7818161850405,10.3042658514249,11.0573710503652,32.3526315789474,37.2545454545455,0.542685618433831,0.542685618433831,288,326.0833333,506.9166667,418.4166667,1910.666667,2.716538265,-0.380125433,0.814231321,-0.575525338,143.4,180.9916667,338.8666667,259.6416667,1622.3,1.92832238,-0.50226145,0.726292148,-0.656981046,21.66666667,64.58333333,210.5,155.0833333,1343.083333,1.585677168,-0.63166829,0.637628456,-0.755880778
"90",94,1.37,19.93,11.67,153.37,4.15,-0.71,2.53,3.36,5.22,8.76,12.79,14.89,16.19,15,33,70,62.1,48.4,825.8,6439.5,3821.1,28.86878556,21.90964518,132,100,5293.14,1226.5,3648.23959074991,1654.83062267527,6.25606060606061,8.258,48.7840909090909,64.395,62,28.9477272727273,38.211,115.47514224,87.63858072,528,400,36.4823959074991,16.5483062267527,6.33242018935458,7.27539689638991,19.8363636363636,26.184,0.406615420451898,0.406615420451898,329.5714286,379,529.6428571,478.6428571,1695.357143,2.677525581,-0.350187231,0.770592051,-0.521968241,158.0928571,198.3142857,333.2928571,282.9285714,1392.828571,1.805925355,-0.503400373,0.667172483,-0.618071267,27.21428571,69.64285714,206.4285714,174.3571429,1129.642857,1.45012123,-0.635115926,0.559300435,-0.735039741
"91",95,1.38,20.45,12.24,163.47,3.71,-0.95,3.3,4.36,6.4,10.47,13.18,14.86,16.08,18,39,72,71.3,52.7,648.2,5100.5,2730.6,22.39096068,15.13768608,104,74,4105.42,1000.9,2577.3580445011,1169.08193980818,6.23269230769231,8.75945945945946,49.0432692307692,68.9256756756757,62,26.2557692307692,36.9,89.56384272,60.55074432,416,296,34.8291627635284,15.7984045920024,6.28292864098362,7.44839906615164,22.7875,32.0256756756757,0.464640721497892,0.464640721497892,337.9166667,381.6666667,546.25,491.0833333,1749.5,2.558403668,-0.32469217,0.74293222,-0.524145703,170.4479167,210.8958333,348.3229167,289.8020833,1443.197917,1.867814739,-0.442588642,0.67061989,-0.615579714,44.16666667,97.33333333,247.4166667,200.9166667,1231,1.507856756,-0.544127777,0.56167532,-0.687476531
"92",96,1.37,28.7,10.75,158.67,6.57,0.34,2.01,1.98,2.59,4.62,10.15,15.85,19.99,24,47,81,64.1,58.3,280.9,1558.7,363.7,20.99086434,13.26151008,23,13,3848.71,554,2020.72979383521,916.597021607191,12.2130434782609,21.6076923076923,67.7695652173913,119.9,99.6,15.8130434782609,27.9769230769231,83.96345736,53.04604032,92,52,155.440753371939,70.5074632005531,12.9358114314992,17.2062376882518,51.9565217391304,91.9230769230769,0.766664528132418,0.766664528132418,355.9,413.6,587.8,516.1,2218.2,2.455946242,-0.422047088,0.796038204,-0.566494596,198.6888889,238.9555556,401.0111111,320.6666667,1856.911111,1.973654873,-0.528069595,0.7071953,-0.645349634,59.5,108.5,279.4,200.8,1491.4,1.658219816,-0.625607318,0.611659884,-0.721080238
"93",97,1.37,33.97,16.6,341.99,8.16,-0.35,2.06,2.37,3.53,10.03,18.25,22.85,26.35,22,44,64,48.5,46.2,194.3,1179.1,521.4,14.6786229,14.14407636,15,14,2691.35,657.7,1907.55407123474,865.260850600899,12.9533333333333,13.8785714285714,78.6066666666667,84.2214285714286,111,34.76,37.2428571428571,58.7144916,56.57630544,60,56,136.253862231053,61.8043464714928,13.3948995268099,13.8650382514541,43.8466666666667,46.9785714285714,0.557798320753117,0.557798320753117,379.3333333,425.9166667,633.0833333,557.6666667,2251.25,2.411839216,-0.397811584,0.752604355,-0.558376943,202.3958333,240.5,417.5729167,341.84375,1886.739583,1.866171933,-0.519394159,0.696423213,-0.63952218,81.75,127.5833333,308.25,241.5,1554.916667,1.573873841,-0.602753932,0.599856804,-0.693313166
"94",98,1.37,31.9,12.52,204.8,6.93,0.35,2.34,2.36,3.44,6.81,12.09,17.54,22.18,19,40,81,74,61.9,466.3,2554.5,999.5,32.07950082,24.41084958,48,32,5881.83,879,2898.4891352702,1314.74604702449,9.71458333333333,14.571875,53.21875,79.828125,99,20.8229166666667,31.234375,128.31800328,97.64339832,192,128,90.5777854771936,41.0858139695154,11.0696939885437,13.5575509403432,32.3958333333333,48.59375,0.608729692699158,0.608729692699158,281.3636364,309.5454545,465.3636364,383.4545455,1829.909091,2.407475479,-0.364760304,0.796345109,-0.541569406,163.1,198.7909091,359.5,285.1272727,1638.818182,1.880835592,-0.512558157,0.705299963,-0.640247995,36.54545455,80,247.8181818,195.2727273,1309,1.591799889,-0.640426907,0.609040585,-0.745029114
"95",99,1.38,28.17,16.17,283.65,4.7,-0.69,3.33,6.7,9.44,13.8,16.69,19.55,21.57,32,83,119,78,64,679.8,4139.5,1935,43.0653294,36.0711198,67,54,7896.1,1403.5,3620.68786106084,1642.33324007114,10.1462686567164,12.5888888888889,61.7835820895522,76.6574074074074,100,28.8805970149254,35.8333333333333,172.2613176,144.2844792,268,216,67.0497752048303,30.413578519836,10.8559771004719,12.0923146698254,32.9029850746269,40.8240740740741,0.532552240608769,0.532552240608769,337.1666667,386.3333333,470.6666667,437.75,1631.75,3.400094954,-0.218803357,0.805251444,-0.501135776,148.2121212,180.1969697,300.030303,240.2272727,1421.431818,2.066527215,-0.411937381,0.713533302,-0.653980245,31.16666667,72.25,206.4166667,152.3333333,1151.583333,1.543992096,-0.543067222,0.510838459,-0.740057195
"96",100,1.38,27.73,14.26,249.44,6.78,-0.02,2.02,2.9,4.95,8.82,14.15,19.65,23.47,30,66,103,29.9,30.4,151,706,316,12.67171452,12.67171452,11,11,2323.38,390,1650.92569725131,748.854983784503,13.7272727272727,13.7272727272727,64.1818181818182,64.1818181818182,93,28.7272727272727,28.7272727272727,50.68685808,50.68685808,44,44,150.084154295574,68.0777257985912,14.5332846815977,14.5332846815977,35.4545454545455,35.4545454545455,0.552407932011332,0.552407932011332,376.5833333,420.5,619.5833333,575.1666667,2109.666667,1.652844604,-0.447198026,0.637154952,-0.517387037,272.05,323.9916667,518.4083333,496.9333333,1884.65,1.44083909,-0.519874056,0.582224806,-0.568486969,149.9166667,212.75,400.3333333,409.6666667,1611.5,1.225694617,-0.601579448,0.523281674,-0.640628437
"97",101,1.37,30.07,12.03,185.26,6.37,0,2.03,2.01,2.75,6.88,12.39,17.04,20.26,34,92,127,76.7,71.1,422.1,1898.8,640.99,34.12780506,31.66772382,35,30,6257.39,1120.21,5852.40661426067,2654.63422582812,12.06,14.07,54.2514285714286,63.2933333333333,101.8,18.314,21.3663333333333,136.51122024,126.67089528,140,120,195.080220475356,88.4878075276039,13.3709600040001,14.4422874457846,35.9374285714286,41.927,0.662423635980619,0.662423635980619,299.3,319.3,407.7,347.9,1644.4,2.828876819,-0.248614254,0.791886002,-0.506188422,142.1545455,172.2209091,289.3945455,237.9590909,1397.187273,1.976738088,-0.466617447,0.707784909,-0.656709957,34.6,71.4,185,155.8,1076.9,1.588008775,-0.596734953,0.563117275,-0.750341463
"98",1001,1.44,21.87,11.47,157.12,5.07,-0.17,1.93,3.11,4.38,6.98,12.18,15.43,17.97,27,51,81,11.3,12.2,42.6,204.2,30.1,3.324213,3.324213,3,3,609.5,174.1,401.003684049362,181.89407785964,14.2,14.2,68.0666666666667,68.0666666666667,72.6,10.0333333333333,10.0333333333333,13.296852,13.296852,12,12,133.667894683121,60.6313592865466,14.2536545021502,14.2536545021502,58.0333333333333,58.0333333333333,0.852595494613124,0.852595494613124,364.9090909,427.2727273,628,631.2727273,2666.090909,1.936086716,-0.457328832,0.670844284,-0.55801818,304.3327922,357.1412338,551.1266234,531.4025974,2238.555195,1.590482901,-0.566120186,0.617513397,-0.603131944,172.1818182,211.3636364,359.5454545,349.7272727,1429.181818,1.295773579,-0.632923153,0.553205065,-0.638296041
"99",1002,1.37,24.71,12.35,180.42,5.28,-0.3,2.02,3.08,4.55,8.1,13.27,16.75,18.57,19,37,60,57.5,54.5,674.57,5147.8,2741.4,29.1833226486,24.5865278286,90,76,5350.8109,1601.4,3687.2661026183,1672.53293233162,7.49522222222222,8.87592105263158,57.1977777777778,67.7342105263158,80.1,30.46,36.071052631579,116.7332905944,98.3461113144,360,304,48.5166592449776,22.0070122675214,7.71060661974429,8.39079296484828,26.7377777777778,31.6631578947368,0.46746182835386,0.46746182835386,307.1111111,364.5555556,510.7777778,424.6666667,1989,2.312031727,-0.391099602,0.729893956,-0.571811583,227.0185185,265.8703704,424.462963,339.0925926,1803.666667,2.011673991,-0.466286206,0.684360617,-0.61945841,118,159.7777778,324,259.4444444,1621.444444,1.735606004,-0.54301899,0.630813625,-0.67068904
"100",1003,1.37,22.87,10.54,132.29,4.61,-0.07,2.27,2.68,3.82,7.08,10.87,13.97,16.37,28,53,88,63,59.9,561.9,2879,1108,31.29543378,23.54251824,61,44,5738.07,918,2418.83547653731,1097.17657467899,9.21147540983607,12.7704545454545,47.1967213114754,65.4318181818182,74,18.1639344262295,25.1818181818182,125.18173512,94.17007296,244,176,54.9735335576662,24.9358312427044,9.6987999933742,11.4197496390325,29.0327868852459,40.25,0.615144147273359,0.615144147273359,328.3333333,395.25,589.6666667,538.1666667,2297.25,2.053713858,-0.432036678,0.678668862,-0.560430134,255.0089286,301.4151786,467.9255952,419.2127976,1887.6875,1.762872641,-0.516578123,0.640689736,-0.604701618,144.5833333,189.5,345.25,318.8333333,1542.916667,1.50953824,-0.597050513,0.596056918,-0.654086336
"101",1004,1.37,22.91,12.48,177.49,4.67,-0.43,2.41,3.63,5.54,9.26,13.18,16.07,18.11,23,45,70,71.8,66.6,807,5264.5,2718.5,39.4280568,39.0353688,97,95,7229.2,2496,5759.40188291974,2612.44755643642,8.31958762886598,8.49473684210526,54.2731958762887,55.4157894736842,80,28.0257731958763,28.6157894736842,157.7122272,156.1414752,388,380,60.6252829781025,27.4994479624887,8.63295054147459,8.72335039450228,26.2474226804124,26.8,0.483616677747174,0.483616677747175,275.3333333,331.0833333,480.1666667,409.6666667,2244.75,2.319529178,-0.404926516,0.758830513,-0.588559017,198.0952381,236.297619,392.1785714,308.797619,1839.083333,2.02527838,-0.50709564,0.713339135,-0.64926442,105.5833333,140.4166667,276.9166667,226.5,1584,1.724346906,-0.593497197,0.643796171,-0.70244805
"102",1005,1.37,25.49,11.6,160.95,5.14,-0.28,2.23,2.31,3.59,7.76,12.35,15.53,17.81,26,48,77,63.1,60.5,439.1,2372.5,1033,27.10163502,25.30072422,43,37,4969.13,1137.5,3210.83470269843,1456.42506699557,10.2116279069767,11.8675675675676,55.1744186046512,64.1216216216216,81,24.0232558139535,27.9189189189189,108.40654008,101.20289688,172,148,86.7793162891469,39.3628396485289,10.7499378040386,11.588822667157,31.1511627906977,36.2027027027027,0.564594309799789,0.564594309799789,287.2727273,341.5454545,477.4545455,395.1818182,1745.545455,2.426902124,-0.37944124,0.735979275,-0.567360715,199.7878788,234.5454545,364.9242424,290.2575758,1585.030303,2.088852111,-0.471132056,0.692568768,-0.628126957,106.4545455,144.8181818,264.9090909,217.5454545,1417.818182,1.825432686,-0.560996224,0.62807068,-0.687443175
"103",1006,1.37,19.68,7.77,75.31,3.87,0.53,2.61,2.29,2.99,4.76,7.3,10.21,13.67,45,72,99,58.7,57.3,375.5,1653.5,502,18.36781758,18.36781758,46,46,3367.77,1151.5,3312.11893363076,1502.36729276547,8.16304347826087,8.16304347826087,35.945652173913,35.945652173913,65,10.9130434782609,10.9130434782609,73.47127032,73.47127032,184,184,72.0025855137121,32.6601585383798,8.55642397876285,8.55642397876285,25.0326086956522,25.0326086956522,0.696401572422135,0.696401572422135,343.25,409.3333333,574.4166667,502.5833333,2631.25,2.157314576,-0.424666261,0.760659228,-0.587174406,244.2857143,289.6190476,471.5357143,386.7738095,2184.428571,1.956474581,-0.492528476,0.700606103,-0.645956213,149.0833333,197.5833333,367.3333333,318.1666667,1877.916667,1.634862061,-0.567537695,0.628967345,-0.685388431
"104",1007,1.4,20.32,11.49,151.63,4.44,-0.17,2.42,3.34,5.72,8.42,11.81,14.68,17.68,35,66,103,8.9,9.5,21.1,66,8,2.42817534,2.42817534,1,1,445.21,58,729.378123860654,330.843746648215,21.1,21.1,66,66,66,8,8,9.71270136,9.71270136,4,4,729.378123860654,330.843746648215,21.1,21.1,58,58,0.878787878787879,0.878787878787879,437.6666667,519.5,711.5833333,806.8333333,2490,1.533824611,-0.541982882,0.615335564,-0.488887432,362.0238095,430.3214286,623.4047619,670.952381,2102.535714,1.245722014,-0.580680981,0.513938578,-0.540537506,283,356.1666667,558.9166667,554.4166667,1781.833333,0.896493618,-0.61801138,0.429504255,-0.598728761
"105",1008,1.37,18.57,8.31,84.73,3.96,0.05,2.18,1.95,2.52,5.18,8.54,11.21,13.5,28,47,70,52.6,51.8,320.6,1571,643.3,16.03705068,15.82739892,38,37,2940.42,887.7,2411.62560246942,1093.90619725547,8.43684210526316,8.66486486486487,41.3421052631579,42.4594594594595,60.8,16.9289473684211,17.3864864864865,64.14820272,63.30959568,152,148,65.1790703370113,29.5650323582561,8.79656033255104,8.91464025133997,24.4131578947368,25.072972972973,0.590515595162317,0.590515595162317,314.5454545,375,536.2727273,443.3636364,2662.454545,2.226250261,-0.426061069,0.778834142,-0.60296937,221.2987013,263.038961,445.7662338,342.5454545,2155.883117,2.036006061,-0.509123187,0.723418122,-0.656116589,132.4545455,169.8181818,335.6363636,279.1818182,1741.636364,1.720613817,-0.586340368,0.654537862,-0.694350394
"106",1009,1.37,20.58,8.19,86.64,4.42,0.44,2.35,2.12,2.67,4.38,7.77,11.42,14.33,45,70,99,55.9,54.6,452.7,2110.1,905.6,24.52058406,22.13304102,52,47,4495.89,998.5,4900.7741160065,2222.97655629434,8.70576923076923,9.63191489361702,40.5788461538462,44.8957446808511,74.2,17.4153846153846,19.268085106383,98.08233624,88.53216408,208,188,104.271789702266,47.2973735381775,9.29835593408443,9.78045162773955,23.1634615384615,25.6276595744681,0.570826027202502,0.570826027202502,428.9,483.9,653.5,671.4,2682.2,2.237929093,-0.293400061,0.659728479,-0.441889778,335.7375,400.7125,578.9375,579.1,2224.775,1.607434826,-0.502605754,0.582117295,-0.580961263,248.6,312.5,479.2,480.8,1353.9,1.26462827,-0.579811966,0.445845684,-0.64208284
"107",1013,1.37,28.85,17.13,338.85,6.74,-0.67,2.56,2.92,6.56,12.88,18.75,22.25,25,12,23,43,34.8,40.2,229.1,610.3,196,39.93129738,36.13007754,8,7,7321.47,346.3,0,0,28.6375,32.7285714285714,76.2875,87.1857142857143,114,24.5,28,159.72518952,144.52031016,32,28,0,0,30.2520040658466,32.3407527079115,51.7875,59.1857142857143,0.678846468949697,0.678846468949697,508.8333333,605.1666667,776,910.0833333,2572.5,1.308262499,-0.519371892,0.549655067,-0.441558331,403.1107804,499.1679894,701.4963624,813.7437169,2244.117725,1.064093519,-0.595796282,0.464848255,-0.521063561,313.5833333,419.1666667,615.3333333,714.3333333,1914.333333,0.802667786,-0.652660275,0.377422678,-0.576421062
